,Question Id,Final Solution
0,5044,36
1,24753,32
2,22729,
3,5162,
4,9552,
5,23690,
6,3816,7
7,19593,
8,26554,17
9,19577,25
10,7299,10
11,26373,4
12,16820,1
13,10903,
14,17396,
15,3907,6
16,20408,8
17,19827,80
18,12446,
19,73654206395552430,9
20,11879,
21,30595,25
22,12832,
23,2069,137
24,22500,20
25,2078,
26,15718,100
27,7104,
28,6095,
29,5797,
30,27910,
31,4590,3
32,11314,55
33,16690,20
34,new-question-001,11
35,20493,
36,20286,100
37,9486,
38,11302,37
39,10031,
40,13040,
41,27234,4
42,18064,2
43,4680,16
44,8325,
45,4325,14
46,1141,4
47,21132,40
48,18068,
49,23604,200
50,19942,15
51,6076,12
52,-5370763505243992549,3
53,24841,
54,5072,
55,23285,
56,29527,
57,25256,1
58,16105,
59,4953,
60,12168,3
61,29167,
62,28215,4
63,15581,4
64,20505,129
65,13772,
66,11271,12
67,21810,
68,6858,
69,6438,
70,14050,3
71,13419,4
72,19411,2
73,11868,12
74,16160,
75,28339,
76,18063,
77,24735,12
78,21821,
79,4085,9
80,3441,
81,20946,
82,3259,10
83,6160,6
84,12353,
85,1603,1540
86,14270,
87,7337858302396324630,2197
88,2950,900
89,5387,19
90,11817,
91,13511,9
92,12754,
93,21040,44
94,23826,
95,11569,
96,26684,
97,21997,61
98,28029,
99,8234,
100,28686,7
101,9709,
102,24628,1
103,9977,
104,11329,2
105,9093,11300
106,25379,14
107,23636,
108,26687,
109,3401,
110,9942,
111,27236,12
112,27756,
113,12862,
114,21983,50
115,30389,
116,27809,
117,2075,
118,29565,12
119,1093,32
120,30648,
121,6940,14
122,30754,
123,19959,23
124,26127,
125,8341,
126,8340,
127,12072,
128,16126,2
129,3265,
130,23315,
131,1642,846
132,787938616620016405,
133,2116,36
134,20513,
135,13311,15
136,4994,120
137,18760,
138,22843,10
139,1995,
140,30140,
141,8683,
142,9373,
143,816,
144,285,
145,14318,39500
146,4444,
147,17506,
148,21795,13
149,26807,
150,20826,2
151,976,
152,7897,
153,1178,
154,420,13
155,1545,8
156,27450,
157,19759,
158,16579,107
159,16128,0
160,20579,
161,26503,
162,28651,430
163,16351,
164,23597,2900
165,23894,
166,5302,
167,11190,
168,10640,
169,18920,
170,2919,
171,12045,5
172,10525,
173,17732,14
174,16642,
175,29165,50
176,13142,
177,11476,
178,6165,828
179,795,
180,5048,
181,5833,5624
182,11462,
183,5006,6
184,8029,
185,13942,3
186,22213,
187,18756,30
188,3986,
189,22874,3
190,27628,6
191,10660,
192,27209,10
193,7505,8
194,10684,25
195,7752856369359095066,57
196,21907,1600
197,20499,1933
198,13274,9000
199,29399,1000
200,19252,
201,16203,
202,1353,
203,24891,1
204,7738,3
205,16850,45
206,19452,
207,10751,
208,22573,
209,20489,
210,26268,8
211,7970,
212,719,
213,29039,
214,5004,
215,16311,
216,26764,1
217,-6971861748546774052,360
218,14364,
219,25209,
220,22670,0
221,24798,
222,13162,
223,25145,40
224,8116,
225,12931,
226,7146,
227,4811,
228,17612,
229,11502,
230,14948,
231,28383,5
232,12038,
233,3661,5200
234,2041,27
235,6577,
236,20327,24
237,5603,36
238,2097,
239,15550,
240,7810,
241,11390,
242,26369,1500
243,28772,15
244,18368,60
245,16555,
246,9088,
247,30292,
248,3293,
249,109,7
250,21628,
251,25096,6
252,25927,
253,7419,
254,25517,
255,11480,
256,1803,6
257,30431,
258,23915,60
259,14384,
260,15031,120
261,13437,180
262,7600,2
263,20373,2
264,21719,2
265,15625,17
266,27620,
267,26898,
268,25675,600
269,9397,30
270,24164,
271,26340,2
272,24404,2
273,24142,
274,26809,
275,8487,100
276,cee5b352,
277,1628,5
278,24743,
279,11090,1200
280,11591,
281,24325,4
282,b8e73b5b,
283,10633,
284,4098,
285,15578,3
286,19510,
287,22775,150
288,21221,10
289,24745,63950
290,3527,120
291,6256,2
292,15497,
293,25554,24
294,5616,
295,24609,50
296,23683,
297,6042,3840
298,29831,5
299,9804,
300,697,3852
301,19738,2000
302,12477,
303,26378,74
304,21464,50
305,11730,
306,20599,80
307,14064,5
308,26710,
309,10298,24
310,18392,24
311,21013,5
312,23474,10
313,5550,24
314,16664,0
315,26789,
316,8588,37
317,18301,30
318,4861,
319,8505,4
320,114,19
321,24211,
322,12912,
323,4904,
324,17565,
325,2042,
326,20259,
327,22326,
328,12236,
329,2819,
330,16864,
331,9123,9
332,24145,0
333,12221,32
334,12927,19
335,19841,
336,4158,
337,1405,3
338,21640,96
339,4918,3
340,21943,392
341,10547,2
342,10847,49
343,29812,
344,16267,
345,27211,
346,2019,8
347,26641,140
348,5417,11
349,26487,
350,634,
351,27720,
352,367,49
353,15984,30
354,18864,
355,38,
356,3556,
357,19875,30
358,29172,11
359,29964,3000
360,2719,
361,26860,8
362,3266,
363,24775,300
364,25074,
365,9371,16
366,20632,35
367,15790,
368,3658,7
369,24960,
370,14710,9
371,28509,2
372,15237,
373,8886,3
374,21200,12
375,21307,
376,24427,
377,26062,
378,12883,6
379,24613,
380,1241,
381,-36139011399324794,
382,10841,
383,22663,5
384,7067,2
385,28692,80
386,12339,
387,3762,40
388,12659,
389,26483,
390,2492,
391,18266,
392,29813,
393,6594,
394,7031,
395,26996,67
396,18543,
397,25628,
398,18849,3
399,14079,
400,28333,
401,6213,
402,23237,600
403,27089,2
404,8779,
405,648,
406,29877,
407,28594,3
408,28935,
409,28756,
410,3796,
411,3217,3120
412,453,81
413,4041,
414,5739,
415,14263,6
416,4652,
417,7269,
418,20506,
419,14487,24
420,3388,84
421,22252,
422,25252,0
423,26362,
424,13558,62
425,27721,21
426,9704,
427,26978,79
428,27817,
429,4066,120
430,25092,4
431,2111,48
432,2538392265939751438,
433,9854,
434,16925,36
435,6903,100
436,3363,1700
437,3568,1
438,25166,500
439,24406,3
440,947,
441,6516,48
442,17835,47
443,14118,1200
444,6524,15
445,657,
446,27564,
447,15916,
448,14632,45
449,20841,
450,12672,
451,22947,5
452,27233,85
453,27584,
454,3756,18
455,1279,
456,2208,
457,21938,8500
458,27643,
459,10784,
460,12609,68
461,18028,
462,26946,
463,24089,
464,14974,7800
465,14330,
466,28621,
467,23060,3
468,18167,
469,16414,1
470,2085,13
471,23850,9
472,25801,
473,18267,12
474,14776,
475,3570,
476,12703,20
477,4717,31
478,7981525497452220909,
479,4728,65
480,15238,3
481,4277,
482,21347,120
483,15743,
484,16496,
485,22592,3
486,7334,11
487,5038,72
488,10217,128
489,5504,
490,22158,2500
491,13870,4
492,5855,
493,1247,10
494,7777,40
495,1150,9
496,2805,18
497,3168,
498,24414,
499,28689,13
500,19576,36
501,591,10
502,7044,3
503,17990,16
504,15278,80
505,20636,
506,13202,
507,23398,26
508,8263,
509,4233,7
510,5574,5
511,10085,
512,30627,4
513,8330,5
514,21978,
515,27968,4
516,8274,80
517,4975,308
518,2892,1
519,7816,
520,10581,130
521,963,
522,30749,
523,11315,
524,28650,
525,21400,7
526,30632,16
527,19071,29
528,30684,75
529,24728,
530,29283,2
531,24779,
532,9057,120
533,16238,
534,11118,
535,18268,20
536,28618,
537,1321,
538,13787,15
539,11007,8
540,13267,9
541,2320,
542,22948,
543,8270,210
544,26699,15
545,4366,31
546,11668,7
547,15947,
548,28706,48
549,23533,
550,17867,
551,353,9
552,27194,130
553,22349,
554,13521,18
555,12144,96
556,1164,
557,20717,20
558,20080,6
559,8777021366440509190,
560,17331,100
561,13967,
562,30028,
563,1240,
564,21220,
565,16199,15
566,24271,
567,8092,8
568,133,23
569,18427,3
570,26546,3
571,4332,22
572,20987,24
573,29681,
574,24903,1
575,15956,48
576,21748,
577,20429,20
578,1201554971288916638,420500
579,119,24
580,3309,3
581,23553,
582,24882,10
583,13508,3
584,4912,36
585,2498,194
586,2022,
587,5905,21
588,16831,
589,12277,2000
590,7849,3
591,1344,
592,7742,
593,13447,
594,6668,
595,25563,70
596,3242,
597,24304,
598,2840,
599,17328,10
600,2084,3
601,23877,
602,25098,18
603,29038,3
604,17229,17
605,15921,
606,-7417880882159124946,
607,20197,
608,4935,385
609,001,60
610,24183,
611,6598,
612,26681,12
613,17249,7
614,608eeb6e,
615,350,120
616,23867,
617,25360,
618,4659,6
619,28114,56
620,4447,
621,11975,
622,4836,
623,22156,
624,28723,
625,7587,
626,24994,4
627,13358,5
628,14897,200
629,20131,6
630,8970,
631,10637,60
632,6514,
633,22619,
634,21377,5
635,20211,
636,17747,17
637,21697,
638,15694,78
639,3578,
640,17806,
641,27315,
642,7175,24
643,10297,
644,3174,80
645,6570,5
646,30704,8
647,12532,15
648,16067,42
649,18701,
650,27383,
651,15527,12
652,6415,
653,13097,
654,17170,
655,2952,15
656,29585,47
657,17244,30
658,23830,
659,20696,
660,30081,80
661,9746,
662,17285,6
663,8895,500
664,23083,100
665,7566,126
666,17580,
667,14607,50
668,14654,18
669,27995,
670,15998,5
671,8115,255
672,3908,44
673,20262,
674,2775,
675,16887,
676,9319,
677,29718,
678,16894,
679,30222,13
680,7078,
681,24014,
682,18924,
683,18863,280
684,23919,10
685,17055,
686,20418,
687,7901,6
688,8844,
689,21757,1350
690,-8057341273830630073,256
691,24639,10
692,27790,45
693,16474,10
694,3707,
695,15398,
696,6559,
697,8635,20
698,4031,
699,25182,
700,20759,12
701,3511,
702,ae2287e2,152
703,395,
704,13627,80
705,6897,
706,29900,
707,9856,5
708,3380,20
709,8565,60
710,12375,
711,15617,
712,17992,240
713,3105,
714,21546,
715,17978,25
716,16387,
717,6070,48
718,16383,
719,26472,
720,11523,40
721,5887,32
722,3146,12
723,20727,
724,3370,14
725,5278,6
726,17602,
727,14355,84
728,4319,24
729,6920,2
730,27626,
731,27106,
732,7827,1
733,13272,
734,28659,9
735,25894,4
736,2206,144
737,17242,45
738,25030,36
739,6646,
740,15852,200
741,7646,
742,28484,180
743,4317,
744,16978,100
745,26039,
746,17159,90
747,17766,30
748,17223,
749,9018,2
750,8143,
751,30130,
752,17469,
753,24024,
754,24344,96
755,22480,
756,13,864
757,6572,10
758,5013,72
759,8972,18
760,29865,36
761,25376,21
762,28365,
763,23435,5
764,19100,5
765,12366,
766,11417,5
767,30346,10
768,17874,18
769,4907,
770,9268,150
771,8368,
772,25707,24
773,8440,
774,25449,
775,30155,
776,16054,
777,26596,135
778,11249,
779,23027,10
780,27594,
781,14431,
782,19710,
783,30177,
784,16065,12
785,9916,
786,15168,
787,14843,
788,23764,
789,12228,4000
790,16763,12
791,18542,
792,22937,5
793,16034,
794,26129,80
795,1092,5
796,7219,480
797,17673,
798,29840,
799,12340,
800,5856,
801,17712,
802,17696,5
803,18872,
804,26897,
805,27736,
806,29273,
807,2303,110
808,3681,2
809,30710,
810,8908,
811,16046,
812,4757,63
813,7495,5
814,13711,
815,24367,
816,30646,
817,5919,
818,7105,
819,15248,
820,6302,4
821,-5911204367685887429,
822,29236,2
823,5284,6
824,21117,
825,8012,80
826,29995,5
827,21529,
828,156,
829,10848,49
830,18235,
831,5399,3000
832,5328,4
833,344,24
834,2920,7
835,9017,30
836,11658,
837,21054,
838,6295,
839,24838,
840,11657,56
841,30156,
842,4742,306
843,15417,
844,17258,
845,23522,83
846,17379,
847,15520,
848,26605,
849,10661,
850,6258,
851,19736,95
852,14651,
853,5068,2
854,21463,
855,26665,9
856,b4a6ed81,9
857,606,256
858,28217,5
859,21909,
860,7483,
861,4199,
862,13830,8
863,21214,6
864,14332,
865,14834,181
866,3305,
867,23730,
868,21524,
869,15227,
870,29342,5
871,9099,
872,4491,
873,87,45
874,22799,3
875,19428,
876,17332,
877,20825,
878,21055,
879,21144,
880,10599,42
881,7381,
882,18210,500
883,25519,
884,3810,45
885,9895,330
886,7257,
887,9207,
888,8359,50
889,4045,30
890,1199,76
891,11030,
892,514,6
893,403,
894,18885,9
895,16783,12
896,16823,
897,16951,
898,15920,35
899,4469,
900,2923,12
901,8427,
902,12116,
903,8229,70
904,18114,647
905,1086,8
906,25970,
907,12540,144
908,6422,12
909,7399,100
910,14814,
911,5125,16
912,25298,5
913,23497,4
914,11400,
915,11791,3
916,22246,
917,13450,8
918,29052,
919,13706,
920,23147,12
921,12820,60
922,6203,
923,18537,20
924,3753,52
925,12569,
926,25047,56
927,10115,
928,5262,15
929,9918,
930,24752,12
931,21037,
932,19801,10
933,206,2
934,630,9
935,12933,22
936,6891,8
937,1445,
938,10020,5
939,4184,4
940,20453,
941,4775,32
942,29111,60
943,17429,14
944,4627212334712819274,
945,30089,1
946,10222,
947,26972,6
948,1566,1
949,26879,
950,5845,17
951,30423,108
952,30311,
953,8435,
954,14968,14
955,30459,1
956,18054,3
957,11235,
958,14380,
959,13700,
960,21319,
961,16121,20
962,30662,
963,3084,
964,18900,4
965,13291,2
966,25063,12
967,5694,
968,25120,10
969,24672,25
970,4257,960
971,8892,3300
972,20690,13
973,27546,
974,7689,80
975,5702,24
976,6413,
977,19170,
978,23085,24000
979,25599,
980,24027,
981,12678,28
982,2479,840
983,5553,19
984,11035,
985,9234,
986,16786,
987,2419,8
988,20863,78
989,13104,
990,8329,
991,4639,
992,1752,1
993,785,15
994,27010,10
995,21561,
996,20041,
997,3640,1
998,15840,120
999,22964,60
1000,4635,
1001,19446,3
1002,17742,31
1003,21896,
1004,23721,307
1005,math_problem_001,
1006,17374,
1007,15078,275
1008,2282,1112
1009,6876,
1010,2361,3
1011,20477,
1012,18779,
1013,2621,
1014,8136,
1015,7950,
1016,6862,
1017,12011,288
1018,16402,
1019,25193,96
1020,18412,4050
1021,14557,
1022,15000,25
1023,26431,260
1024,18494,
1025,2795,6
1026,26407,
1027,22887,
1028,8670,6
1029,7674,
1030,13443,
1031,11089,45
1032,14381,11
1033,5293,12
1034,19118,
1035,12749,
1036,20894,4
1037,1083,7
1038,5161,41
1039,26696,16
1040,11970,340
1041,21881,
1042,3323,500
1043,20300,
1044,29867,
1045,-5141047701230918100,1000
1046,23123,21
1047,28419,
1048,30290,
1049,6753,
1050,26126,
1051,7584,1
1052,25409,30
1053,14846,3
1054,5786,42
1055,27581,400
1056,30588,4800
1057,4212,1
1058,13201,
1059,9960,17
1060,25521,
1061,21629,29
1062,1090,4
1063,5515,100
1064,8058,47
1065,2791,100
1066,11541,10
1067,16411,
1068,23591,
1069,24176,
1070,7425,36
1071,12516,
1072,26146,
1073,10579,
1074,19979,
1075,1315,
1076,8899,
1077,25437,
1078,20847,
1079,11223,4
1080,4549,46
1081,15941,
1082,20023,
1083,12088,7200
1084,2053,1000
1085,25581,
1086,18447,12
1087,-2404000911469669622,864
1088,18523,8
1089,23976,
1090,5138,1
1091,12231,121
1092,13017,
1093,23912,25
1094,696,5400000
1095,9884,8
1096,5890,12
1097,426,20
1098,19427,
1099,932,
1100,26359,40
1101,20793,10
1102,18078,5
1103,23190,
1104,27824,6
1105,13491,
1106,7085,6
1107,3777,
1108,25201,
1109,9004,
1110,8399,6
1111,10398,
1112,30330,
1113,10958,
1114,18029,
1115,7673,
1116,7652,
1117,28431,35
1118,3017,850
1119,4544,4
1120,9469,115
1121,7500,50
1122,15473,10
1123,20792,
1124,9964,500
1125,25844,
1126,4040,303
1127,18138,
1128,10511,
1129,2638,32
1130,2767,4
1131,7283,
1132,13388,4
1133,4084,175
1134,1699,
1135,2938,34
1136,30083,3
1137,943,4
1138,3700,1
1139,24719,
1140,10103,
1141,435,25000000
1142,16195,
1143,21265,
1144,18482,36
1145,26666,
1146,2965,135
1147,11072,1
1148,13735,
1149,8441,
1150,13116,
1151,28410,23
1152,19822,
1153,737,9
1154,10111,
1155,25496,4
1156,6976,8
1157,22645,
1158,29450,
1159,15444,
1160,26523,
1161,24352,
1162,12680,1
1163,24169,48
1164,25555,7
1165,10776,
1166,1333,20
1167,7494,
1168,19607,9
1169,20382,
1170,14052,
1171,4384,2
1172,20671,800
1173,19556,60
1174,5186,20620
1175,3274,12
1176,24484,
1177,23431,
1178,3645,9
1179,21825,
1180,22958,6
1181,5191,
1182,15472,
1183,10960,
1184,191,220
1185,14590,90
1186,18208,33
1187,15822,
1188,25452,39
1189,2257,936
1190,24984,20
1191,8478,
1192,735,4
1193,13198,
1194,21350,7
1195,15884,40
1196,-530621217939912428,77
1197,16357,60
1198,28037,329
1199,21510,30
1200,23747,
1201,8159,5
1202,17950,
1203,25251,26
1204,2942,15
1205,15899,425
1206,18965,
1207,2781,
1208,8026,
1209,14027,150
1210,22128,1000
1211,19938,15
1212,13665,10
1213,21826,190
1214,18026,10
1215,20421,
1216,26293,
1217,26324,
1218,11283,
1219,17298,22
1220,3450,
1221,1252,
1222,5420020718488859531,
1223,17343,
1224,1317,10
1225,22636,18
1226,692,40
1227,8181,
1228,16307,24
1229,27941,
1230,23711,5
1231,14805,
1232,6458,15
1233,24525,8
1234,1170,
1235,8637,
1236,47,
1237,2536,7
1238,331,
1239,30343,
1240,3736,196
1241,20541,
1242,19060,
1243,12222,3
1244,29603,
1245,19572,
1246,13536,
1247,21741,55
1248,21592,4
1249,18423,
1250,70,
1251,23602,215
1252,10563,
1253,14486,
1254,4155,1
1255,13546,6
1256,7235,25
1257,16001,20
1258,11900,
1259,18492,2
1260,7264,3
1261,23164,
1262,24438,14
1263,30376,
1264,22927,140
1265,5883,140
1266,2345,
1267,20581,65
1268,15261,
1269,9085,
1270,5830,
1271,13593,
1272,8804,300
1273,28239,36
1274,10211,47
1275,27959,
1276,647,3
1277,5144,
1278,11579,
1279,15874,
1280,28036,14
1281,8944848564986159363,
1282,12147,70
1283,29477,
1284,23370,
1285,23774,
1286,-8854815439966659557,13
1287,5327,1
1288,2338,
1289,18758,
1290,26457,5
1291,7847,
1292,27616,12
1293,30439,3
1294,17510,30
1295,26428,94
1296,20024,
1297,18066,2
1298,11132,
1299,10363,0
1300,15708,5
1301,7692,
1302,19787,
1303,3498389796535049410,
1304,19208,
1305,30223,
1306,24182,
1307,29630,15
1308,9063,8
1309,30775,109
1310,5286,9
1311,690,
1312,23823,250
1313,26213,26
1314,134,2
1315,17631,2
1316,20094,593
1317,23181,3
1318,6671,
1319,15304,
1320,11024,8
1321,20095,1000
1322,30364,
1323,25476,
1324,8640,
1325,12440,3
1326,3116,9
1327,27198,
1328,19722,3
1329,25789,7
1330,2716,6
1331,17239,30
1332,23717,
1333,12860,20
1334,627,3
1335,26295,
1336,17247,
1337,10433,10
1338,10276,
1339,26074,390
1340,4617,
1341,24683,
1342,24754,3
1343,18813,9
1344,17411,50
1345,26694,15
1346,30407,140
1347,21547,22
1348,8672,
1349,7891,2
1350,3110,90
1351,19124,
1352,11268,3
1353,17670,20
1354,8081,4
1355,28286,
1356,7573,
1357,7514,15
1358,29386,
1359,5066,1
1360,15434,28
1361,8958,
1362,20161,150
1363,7409,
1364,3329,9
1365,2486,93
1366,24937,
1367,19953,
1368,10025,
1369,1139,216
1370,6663,360
1371,23595,4
1372,30610,6
1373,28851,10
1374,14159,
1375,14832,6
1376,18529,213
1377,9192,18
1378,6029,
1379,28305,
1380,5969,
1381,16994,
1382,5147,
1383,29372,
1384,16175,200
1385,23928,75
1386,7696,2
1387,3029,
1388,21127,60
1389,26999,66
1390,17812,270
1391,16845,
1392,8618,
1393,3555,2
1394,9332,3
1395,30580,
1396,26892,
1397,19709,15
1398,23427,
1399,24035,
1400,4802,
1401,5541,6
1402,23101,
1403,4708,4
1404,6229,
1405,18213,4
1406,30051,14
1407,23279,
1408,10326,640
1409,6120,850
1410,28346,23
1411,25872,12
1412,21839,48
1413,12199,
1414,6049,12
1415,24461,4
1416,2584,135
1417,4518680905658878541,15
1418,21155,
1419,19047,
1420,18113,
1421,13183,
1422,27026,3
1423,9418,192
1424,12003,10
1425,14989,30
1426,6641,
1427,17745,
1428,11955,50
1429,23953,6000
1430,12218,11
1431,19514,8
1432,13601,
1433,19223,19
1434,4271,
1435,9186,
1436,23105,
1437,30608,
1438,12666,1
1439,175,2
1440,26994,720000
1441,14963,75
1442,6927,9
1443,10039,
1444,27914,
1445,6951,
1446,22303,
1447,15366,4
1448,6287,20
1449,11749,
1450,11211,350
1451,19463,80
1452,24964,24
1453,3376,450
1454,15334,
1455,14091,4
1456,22506,
1457,20909,
1458,21153,5
1459,6331,
1460,16573,
1461,13658,
1462,6099,2766
1463,21937,32
1464,17105,2
1465,25876,
1466,6096,
1467,5226,
1468,4813,
1469,18468,
1470,21578,
1471,4010,16
1472,17341,
1473,9032,
1474,3235368081349833099,
1475,30504,21
1476,16077,
1477,20163,
1478,8172,396
1479,17957,
1480,14715,
1481,5670,225
1482,4514,
1483,20699,
1484,4339,
1485,4097,
1486,5064,9
1487,10722,2
1488,27973,2
1489,23160,
1490,6124,
1491,13393,
1492,2179,
1493,27299,72
1494,9202,
1495,8966,
1496,29912,2
1497,471,
1498,3126,420
1499,27005,7
1500,26576,
1501,9954,8
1502,14293,
1503,21216,4
1504,3775,
1505,5725,21
1506,11517,7
1507,3271,4
1508,28807,
1509,9592,288
1510,17488,
1511,8226,5
1512,13990,
1513,4643,65
1514,26656,
1515,29551,
1516,20968,180
1517,1562,
1518,3252,
1519,19842,
1520,19046,30
1521,5900,7
1522,1436,194400
1523,7798,
1524,30497,
1525,19414,
1526,15955,
1527,20375,
1528,22929,480
1529,5249,41
1530,5271,146
1531,25288,5
1532,3516,
1533,11995,
1534,15109,
1535,179,
1536,4824,
1537,28994,
1538,7275,
1539,28001,
1540,29612,
1541,12005,7
1542,5921,120
1543,28948,
1544,5110,
1545,1817,20
1546,9006,
1547,7870,
1548,29241,19
1549,9858,
1550,23300,
1551,21254,
1552,15328,1200
1553,23025,
1554,25669,11
1555,6008,20
1556,4101,1
1557,7946,
1558,2876,2
1559,17254,
1560,18655,18
1561,12522,
1562,23258,78
1563,17710,
1564,15008,
1565,26205,
1566,22191,
1567,29810,112
1568,13540,
1569,23866,
1570,361,
1571,3107,25
1572,2348,7
1573,2045,1
1574,6704,
1575,26320,6
1576,3261,9
1577,14985,2
1578,22363,
1579,14340,
1580,2241,7
1581,27448,
1582,21792,
1583,28024,
1584,26556,15
1585,27054,
1586,2609,45
1587,4475,
1588,18249,360
1589,30058,3
1590,21579,
1591,11394,
1592,27482,98
1593,12204,25
1594,26467,20
1595,26417,
1596,24265,60
1597,9126,26
1598,4201,82
1599,20772,
1600,21731,
1601,14900,
1602,2779,
1603,24034,
1604,3244,
1605,1298,5
1606,814,7
1607,12796,
1608,21018,2
1609,22605,
1610,2432,726
1611,14502,
1612,4627,
1613,5854,
1614,8656677018807984163,14
1615,21691,
1616,8947,
1617,4461,137
1618,13270,4
1619,19679,1
1620,8336,
1621,20386,3
1622,16711,2560
1623,1383,
1624,22129,1200
1625,25278,10
1626,4398,
1627,24041,186000
1628,18892,150
1629,11292,
1630,26889,12
1631,3791,
1632,2593,17
1633,3799,100
1634,4644,
1635,14208,
1636,27127,21
1637,10955,
1638,14209,
1639,15403,
1640,4473,3
1641,27325,
1642,9053,
1643,19307,
1644,20815,1
1645,4048,18
1646,11854,
1647,27774,4
1648,18444,5
1649,30367,3
1650,21386,30
1651,1851,25
1652,11896,20
1653,16924,3
1654,5466,125
1655,9846,13
1656,3378,9
1657,30117,
1658,23871,300
1659,12349,
1660,22880,15
1661,26017,
1662,3457,
1663,10329,
1664,24,
1665,4690,29
1666,25536,
1667,29761,
1668,4761,48
1669,13234,
1670,22802,700
1671,12788,
1672,11399,
1673,7324,
1674,25909,26
1675,26911,20
1676,8540,2
1677,24233,7
1678,13614,
1679,15637,4
1680,28244,20
1681,20529,
1682,30043,
1683,17349,15
1684,12727,0
1685,17417,308
1686,16859,
1687,27444,
1688,27717,49
1689,20124,4
1690,2259,13
1691,12795,
1692,28238,
1693,22035,
1694,17519,
1695,12244,3
1696,9065,
1697,14664,4
1698,8848,40
1699,9264,
1700,30339,
1701,23948,18
1702,189,16
1703,30074,36
1704,24865,8
1705,20520,
1706,3436,
1707,269,60
1708,18288,6
1709,26271,63
1710,705,6
1711,21454,4
1712,24065,1
1713,6112,986
1714,24156,
1715,25828,16
1716,8593,6
1717,26003,12
1718,14273,48
1719,22746,9
1720,7037,
1721,21092,53
1722,23254,6
1723,17300,30
1724,22716,
1725,26425,17
1726,9140,
1727,1583,850
1728,13395,3
1729,4003,
1730,26165,25
1731,17931,6
1732,28979,65
1733,1145,2
1734,5396,13
1735,23348,60
1736,19881,111
1737,4171,
1738,273,38
1739,28587,3
1740,23635,
1741,11544,
1742,20312,
1743,18284,
1744,20247,
1745,11694,
1746,22531,84
1747,2727,4
1748,29332,
1749,27728,
1750,12610,
1751,29971,5
1752,13485,
1753,13953,14
1754,22800,
1755,17610,
1756,28038,8
1757,1488,
1758,27510,
1759,18901,660
1760,28441,8
1761,2456,
1762,27881,6
1763,1158,633
1764,17177,45
1765,28407,
1766,25725,
1767,23751,
1768,2616,5
1769,14959,3
1770,2619,
1771,15425,
1772,16600,
1773,24996,50
1774,11794,
1775,28604,
1776,10377,
1777,24733,
1778,12799,
1779,9374,
1780,10454,
1781,25445,175
1782,1204,6
1783,9579,13
1784,22771,10
1785,17470,
1786,7761,131
1787,25079,
1788,24811,90
1789,3770,13
1790,5310,
1791,7145,132
1792,-7217668018551825691,4
1793,15741,
1794,22211,5
1795,9877,
1796,1265,3
1797,22828,
1798,17831,
1799,29943,
1800,9465,
1801,12287,
1802,1786,184
1803,27328,10
1804,11665,
1805,2267,191
1806,26395,29
1807,15716,250
1808,28153,10
1809,22596,
1810,29850,3
1811,29903,
1812,24080,120
1813,Q20231006,
1814,788bfd56,5
1815,15498,
1816,22239,
1817,13055,
1818,16597,
1819,13086,
1820,1026,105
1821,25737,
1822,5804,1350
1823,20912,198
1824,23306,
1825,9880,
1826,15724,
1827,13342,2
1828,5297,18
1829,12756,162
1830,3676,425
1831,20767,
1832,4672,11
1833,14223,10
1834,14673,
1835,2671,975
1836,7271,
1837,33,
1838,30753,4
1839,22367,15
1840,8660,
1841,12235,
1842,23583,
1843,19566,110
1844,23821,
1845,10519,200
1846,21745,47
1847,5614,37
1848,2786,
1849,12765,2000
1850,730,6
1851,7720,72
1852,21532,
1853,29066,
1854,29518,
1855,4096,
1856,10482,27
1857,19406,
1858,20546,
1859,25818,3040
1860,8494,140
1861,21154,100
1862,4981,
1863,317,7
1864,27833,
1865,9183,25
1866,3418,25
1867,15623,
1868,26742,
1869,26212,
1870,2880,7
1871,22125,
1872,26261,34
1873,15853,
1874,16546,
1875,19221,
1876,12819,78
1877,20801,15
1878,17095,
1879,24923,
1880,28780,160
1881,29644,
1882,27159,
1883,9785,
1884,948,
1885,13557,
1886,904,7
1887,17575,150
1888,4361,
1889,10622,
1890,7053,5
1891,1238,9
1892,13641,2
1893,16755,10
1894,16789,3
1895,23011,15
1896,17292,500
1897,23736,3
1898,14511,45
1899,9005,24
1900,19343,5
1901,26484,448
1902,28345,23
1903,10584,
1904,18354,
1905,25426,
1906,20497,2544
1907,11002,
1908,27437,183
1909,17769,
1910,26661,
1911,28165,
1912,27630,4000
1913,8409,
1914,-1584461366449273396,76
1915,7888,
1916,13576,
1917,-3512867805316684680,3852
1918,23853,30
1919,7623,
1920,16129,13
1921,15693,
1922,18644,12
1923,23204,1
1924,9443,36
1925,20952,9
1926,30700,100
1927,14925,
1928,17751,
1929,16556,63
1930,ff501705,
1931,27963,
1932,25952,2400
1933,13298,2
1934,593,17
1935,2285,
1936,15620,150
1937,12800,
1938,15378,
1939,10130,24
1940,10314,
1941,13149,
1942,27103,
1943,10820,36
1944,1359,1049
1945,8544,9
1946,10987,60
1947,20412,16
1948,26654,
1949,3319,124
1950,7813,
1951,27847,
1952,13811,
1953,23,9
1954,5650,100
1955,27669,30
1956,6119,3
1957,25080,
1958,2221,
1959,17113,40
1960,22703,8
1961,7990,274
1962,9505,15
1963,4099,
1964,24194,
1965,10539,
1966,23278,160
1967,21767,40
1968,9021,4
1969,15540,3
1970,21822,3
1971,9792,4
1972,5514,1
1973,11243,25
1974,7884,
1975,28581,
1976,23609,
1977,26248,60
1978,18452,10
1979,13673,
1980,15958,
1981,18891,25
1982,3439,120
1983,3902,4
1984,8069,
1985,22214,1088
1986,20945,11
1987,10430,9000
1988,30480,
1989,26032,
1990,19043,
1991,18152,4
1992,23754,
1993,29782,554
1994,19196,
1995,21250,
1996,11488,
1997,24792,
1998,13726,
1999,6689,
2000,29259,
2001,10713,
2002,4397,3
2003,21766,
2004,18634,
2005,17543,6
2006,14828,10
2007,975,
2008,18675,
2009,18120,
2010,16941,
2011,8119,10
2012,9610,
2013,15754,165
2014,2891,3
2015,12148,
2016,23019,
2017,15780,
2018,6866,
2019,12449,
2020,30342,1600
2021,14627,363
2022,12929,12
2023,19542,
2024,26171,96
2025,28466,
2026,22550,50
2027,11552,
2028,12705,
2029,5432,
2030,623,28
2031,8583,20
2032,25616,
2033,8849,
2034,22669,
2035,3926,245
2036,1738,63
2037,21323,
2038,19042,66
2039,2543,27
2040,4039,
2041,19544,
2042,24306,2140
2043,27595,36
2044,17151,
2045,13766,11
2046,21333,
2047,6344,
2048,14488,
2049,21922,
2050,18521,6
2051,8297,
2052,6412,
2053,8700,
2054,14362,
2055,28438,18
2056,18272,9
2057,10474,2
2058,2507,
2059,12770,8000
2060,29321,3
2061,26678,
2062,17443,12
2063,877,16
2064,864,13
2065,16893,4
2066,5430,68
2067,27966,0
2068,16670,
2069,4346,660
2070,2178,
2071,24135,440
2072,12311,
2073,16466,
2074,3532,306
2075,6579,13
2076,1594,
2077,23715,30
2078,21322,45
2079,24666,2
2080,10013,
2081,6778,
2082,14971,
2083,14366,
2084,27820,
2085,22909,11
2086,12855,
2087,22271,
2088,1100,120
2089,16042,8765
2090,20647,5
2091,5828,
2092,2370,24
2093,20395,
2094,26930,
2095,23789,10
2096,30048,4
2097,7034,
2098,20225,
2099,27431,16
2100,25169,
2101,10552,3
2102,12509,21
2103,23135,
2104,30616,
2105,5618,17
2106,19622,
2107,19228,
2108,1875,10
2109,4203,
2110,2957,3
2111,20944,10
2112,16179,9
2113,25277,3
2114,12008,
2115,6680,5
2116,3238,15
2117,23121,16
2118,135,21
2119,24551,10000
2120,28975,22
2121,23162,440
2122,28537,
2123,3069,100
2124,-5696363532540156835,36
2125,20342,
2126,20852,
2127,1633,
2128,29098,150
2129,8722,
2130,3209,10
2131,13781,12
2132,20302,1
2133,16234,
2134,23681,12
2135,13963,
2136,17070,6
2137,2057,12
2138,14561,
2139,18305,
2140,1526,422
2141,8827,36
2142,18814,4
2143,23443,
2144,25605,
2145,29990,
2146,19724,10
2147,4845,23
2148,29637,
2149,22217,
2150,24441,
2151,9473,10
2152,1371,
2153,21486,2
2154,21643,
2155,18530,
2156,8122,
2157,27455,80
2158,7451,
2159,13677,27
2160,28936,3
2161,23689,
2162,7750,
2163,15391,
2164,12792,
2165,19874,30
2166,20680,
2167,11297,
2168,21674,
2169,25799,
2170,27128,20
2171,22383,
2172,25455,
2173,27072,40
2174,23014,
2175,1906,6
2176,12176,
2177,11880,40
2178,27397,30
2179,1550,2
2180,13713,
2181,15213,3
2182,9133,640
2183,2855,
2184,4405,7
2185,8965,
2186,24607,120
2187,16981,
2188,30274,240
2189,28778,
2190,2482,
2191,16908,20
2192,18979,
2193,1779,
2194,10181,
2195,1174,
2196,631,50
2197,2308,
2198,11746,
2199,20934,
2200,19559,
2201,14214,
2202,21915,
2203,6408,
2204,6123,
2205,16208,192
2206,24433,21
2207,30094,5
2208,22763,3
2209,16291,
2210,21298,
2211,25822,
2212,28557,
2213,6015,
2214,11654,
2215,14163,
2216,11093,200
2217,24467,
2218,18199,36
2219,24686,35
2220,28007,
2221,30677,500
2222,28633,
2223,4693,420
2224,1821,90
2225,5579,108
2226,14489,
2227,21222,
2228,14399,
2229,15450,
2230,2862,3555
2231,26505,
2232,22388,10
2233,12563,
2234,25494,10
2235,4829,10
2236,26173,
2237,14756,5
2238,11437,135
2239,16828,
2240,13841,
2241,11739,100
2242,9,
2243,23600,
2244,21690,
2245,16796,
2246,855,
2247,22395,25
2248,5441,30
2249,20688,
2250,9508,2400
2251,684,3
2252,21838,80
2253,18034,
2254,19673,4
2255,21504,84
2256,26555,
2257,18295,
2258,11359,10
2259,26056,
2260,4237,13
2261,24114,2
2262,18793,7
2263,21884,
2264,15130,55
2265,17505,
2266,202,
2267,4219,12
2268,23670,
2269,14107,
2270,24856,20
2271,18359,
2272,1102,6
2273,7655,18
2274,2217,
2275,20245,
2276,8316,
2277,3481,8
2278,2469,
2279,22080,
2280,8725,11
2281,22295,
2282,19865,11
2283,14883,5
2284,2906,283
2285,15275,150
2286,18462,1
2287,22196,
2288,22227,12
2289,8562,
2290,21804,21
2291,23579,4090
2292,26819,30
2293,15761,9
2294,12151,178
2295,26297,13
2296,16578,
2297,15798,
2298,5483,1
2299,25219,9
2300,2387,4500
2301,29860,3
2302,16668,
2303,23865,350
2304,19752,140
2305,18877,
2306,10851,20
2307,29462,10
2308,790,57
2309,22237,15
2310,29296,
2311,11545,
2312,9607,1
2313,17570,1000
2314,4585,
2315,29481,8
2316,5863,163
2317,27590,10
2318,29057,25
2319,24400,17
2320,27492,
2321,24971,
2322,14138,395
2323,15247,
2324,24305,3
2325,25465,
2326,22625,7
2327,14827,
2328,28522,9
2329,6717,25
2330,9731,4
2331,21361,
2332,5964,
2333,6591,9
2334,9660,
2335,10844,
2336,4322,12
2337,11241,
2338,25214,2
2339,-1085120314013183761,131684
2340,3241,
2341,19440,
2342,27843,200
2343,16272,
2344,13684,
2345,30145,
2346,2202,26
2347,28924,
2348,4942,
2349,1756,2
2350,5794,6
2351,29673,275
2352,29435,100
2353,30536,
2354,30212,30
2355,18453,
2356,15493,104
2357,12650,
2358,12285,7
2359,15442,
2360,28078,400
2361,14796,50
2362,11938,160
2363,7882865278105594733,72
2364,14593,960
2365,15042,14
2366,9525,360
2367,13349,
2368,21846,9
2369,17984,
2370,2313,
2371,1980,24
2372,1573,71
2373,3410,5
2374,1162,44
2375,15667,13
2376,7929,82
2377,15643,115
2378,8408,8
2379,9974,
2380,19662,15
2381,24943,
2382,27739,
2383,7650,525
2384,5839,
2385,21723,3
2386,19586,
2387,26064,20
2388,19004,5
2389,15752,
2390,13737,
2391,9589,18
2392,2625,
2393,28069,15
2394,28403,
2395,8601,352
2396,-4767210333878755148,
2397,9127,
2398,28663,
2399,9658,
2400,13323,5
2401,22809,
2402,936,15
2403,11381,11
2404,3984,
2405,6057,
2406,26536,100
2407,13986,40
2408,25429,4000
2409,7493,
2410,12210,9
2411,3801,2
2412,15529,
2413,21353,9
2414,27920,
2415,17699,
2416,28879,10
2417,6122,2
2418,347,
2419,5728,
2420,7850,977
2421,11490,28
2422,22630,168
2423,27371,10
2424,1036,1050
2425,26496,120
2426,18909,
2427,11067,
2428,29256,
2429,3939,
2430,12214,63
2431,14741,
2432,14686,
2433,25487,
2434,13621,
2435,21992,
2436,19412,18
2437,10752,144
2438,2733,10
2439,14687,
2440,24794,50
2441,20128,38
2442,2464,
2443,16239,
2444,10796,20
2445,14807,129
2446,7864,20
2447,4561,9
2448,11756,
2449,6396,
2450,13188,76
2451,19819,
2452,10156,825
2453,13907,
2454,22146,23
2455,892,122
2456,5640,10
2457,22601,
2458,7498,
2459,251,5
2460,9417,2
2461,24381,
2462,24282,15
2463,8632,45
2464,-3887347937058597245,140
2465,11044,
2466,2563,
2467,21920,15
2468,4344,32
2469,6607277056430783455,
2470,6932,
2471,19061,4
2472,22498,20
2473,7004,9
2474,25748,
2475,1399,17
2476,4611,5
2477,7194,15
2478,26473,12
2479,10706,
2480,20982,
2481,13493,
2482,18234,342
2483,12014,2
2484,3148,10
2485,27206,288
2486,24064,2
2487,29676,
2488,22329,3
2489,25846,
2490,29018,100
2491,4315,200
2492,3595,5
2493,20316,
2494,20855,46
2495,1123,96
2496,7123,38
2497,7249,
2498,20114,
2499,16785,2500
2500,29632,
2501,14671,25
2502,14642,5
2503,9899,
2504,23199,31
2505,2250,
2506,25531,
2507,13860,20
2508,7134,
2509,19230,
2510,26904,
2511,15502,
2512,28881,64
2513,16922,
2514,14804,5
2515,9720,
2516,21025,
2517,24962,
2518,30007,
2519,19695,20
2520,15324,
2521,7597,8
2522,13075,3
2523,27298,56
2524,2579,
2525,28760,
2526,17902,
2527,30437,60
2528,8676,
2529,3864,
2530,3461,
2531,25719,41
2532,17704,
2533,27243,1
2534,28810,
2535,29904,
2536,10349,
2537,17564,28000
2538,24976,
2539,24250,2
2540,13616,0
2541,28950,
2542,122,45
2543,11669,7
2544,30429,
2545,11491,
2546,12049,13
2547,24435,1152
2548,531,
2549,8904,
2550,27633,
2551,11593,
2552,5279,26
2553,2377,15
2554,6277,
2555,23132,
2556,30235,
2557,14867,
2558,27796,30
2559,30102,
2560,16874,45
2561,8152,
2562,16799,2
2563,22005,19
2564,10223,
2565,13163,120
2566,7386,
2567,3360,
2568,14870,20
2569,22704,41
2570,20646,
2571,12125,12
2572,10877,60
2573,2882,
2574,12854,
2575,19739,15
2576,17626,62
2577,25269,
2578,23967,125
2579,24564,
2580,1304,420500
2581,5016,6
2582,3577,
2583,26874,
2584,22955,30
2585,20182,
2586,7595,
2587,28481,
2588,1016,1
2589,25049,27
2590,30213,90
2591,23799,
2592,4197,1
2593,20868,8
2594,3715,96
2595,14039,250
2596,6991,
2597,16432,28
2598,6548,100
2599,14217,
2600,1784643264827091672,
2601,7690,
2602,7389,22
2603,24940,36
2604,15007,
2605,23601,
2606,27112,
2607,4695,120
2608,5362,
2609,20277,
2610,6269,
2611,12047,600
2612,14874,
2613,28743,5
2614,17392,2
2615,12142,
2616,188,
2617,29124,
2618,9814,3
2619,30180,14
2620,5320,6000
2621,1335,5
2622,29822,4
2623,28148,
2624,10201,41
2625,18418,18
2626,30768,15
2627,10371,
2628,20657,
2629,12758,
2630,15503,25
2631,9793,5
2632,25180,
2633,1667,
2634,13545,5
2635,23737,12
2636,25691,6
2637,4595,
2638,439,
2639,19626,
2640,10605,
2641,21452,4
2642,11034,1
2643,2204,12
2644,7708,20
2645,22059,45
2646,11403,68
2647,25650,2
2648,math_problem_002,240
2649,29693,
2650,16250,230
2651,10612,
2652,21072,
2653,8134,50
2654,26260,
2655,25175,18
2656,12937,8
2657,17195,
2658,83,24689
2659,11772,
2660,23458,16
2661,27945,
2662,27190,
2663,26740,12
2664,25270,10
2665,20624,513
2666,5610,32
2667,968,240
2668,13302,160
2669,21181,255
2670,23858,
2671,4264108436937530386,
2672,22769,160
2673,24359,15
2674,6310,
2675,23202,18
2676,4007,4000
2677,21805,1980
2678,13813,14
2679,14885,
2680,26688,10
2681,20978,
2682,27490,3
2683,26237,1200
2684,3428,18
2685,14537,180
2686,9518,10
2687,15496,111
2688,29541,15
2689,17813,
2690,-6272496070280196806,
2691,5062,24
2692,16576,
2693,25295,
2694,22464,
2695,617,99
2696,22342,
2697,1883,7
2698,20269,13
2699,3130,
2700,8016,
2701,2696075761570173543,
2702,18258,
2703,30415,3
2704,21470,5
2705,12517,
2706,30275,
2707,14783,
2708,10629,2800
2709,9169,
2710,21034,
2711,-8673223531967757086,110
2712,8088,10
2713,20677,
2714,5195,1
2715,16722,5
2716,26966,20
2717,10293,500
2718,18321,
2719,16810,6
2720,21619,175
2721,15465,
2722,23107,36
2723,6751,10
2724,21956,27
2725,7820,
2726,12865,47
2727,12013,48
2728,15091,
2729,15720,
2730,11563,5
2731,20238,10
2732,27606,25
2733,1040,
2734,13340,4
2735,23802,40
2736,15681,
2737,10755,
2738,5533,10
2739,f89af023,9
2740,30256,
2741,24082,180
2742,7379,17
2743,23616,8
2744,21260,5
2745,11732,
2746,18711,
2747,16958,
2748,18983,9
2749,29138,60
2750,11379,
2751,12823,
2752,25761,54
2753,17951,
2754,3893,
2755,8746,10
2756,24690,80
2757,2017,
2758,7996,276
2759,25744,
2760,28075,100
2761,5630,6
2762,16302,525
2763,24330,75
2764,18428,
2765,25489,
2766,6171,
2767,16462,4
2768,25672,2
2769,24713,10
2770,9158,17
2771,7439,
2772,10304,4
2773,27950,
2774,11178,
2775,23519,21
2776,29929,
2777,23767,
2778,18684,10000
2779,21704,
2780,19201,80
2781,27398,
2782,29271,24
2783,4909,
2784,6062,
2785,30159,34
2786,2987,2
2787,4456,
2788,17156,
2789,16359,25
2790,10028,
2791,17168,
2792,17637,
2793,559,108
2794,22728,
2795,8860,
2796,24133,12
2797,11346,
2798,6770,11
2799,13445,10
2800,6722,24
2801,27725,
2802,18432,7
2803,20658,40
2804,17219,3
2805,24716,
2806,14447,24
2807,26380,
2808,19354,
2809,9285,1200000
2810,18050,
2811,1077,168
2812,27098,12
2813,237,5
2814,25808,64
2815,26316,
2816,16714,21
2817,15306,
2818,8444,12
2819,24421,
2820,23407,4
2821,803,144
2822,8303,
2823,24096,
2824,8459,
2825,20827,
2826,3255,1650
2827,1635,14285
2828,20071,
2829,5126,
2830,22297,
2831,6001,
2832,10940,12
2833,29881,
2834,29965,600
2835,4380,
2836,18772,
2837,28401,134
2838,21720,
2839,7782,
2840,9903,
2841,27661,50
2842,18473,48
2843,6023,
2844,4667,354
2845,27699,
2846,10306,
2847,11843,9600
2848,20742,
2849,17071,6
2850,23827,
2851,8380,12
2852,22556,9
2853,4613,
2854,10623,40000
2855,26220,
2856,16190,
2857,29635,
2858,19340,4
2859,6371,69
2860,6059,10
2861,21152,4
2862,12802,
2863,27574,112
2864,25814,32
2865,12035,300
2866,21290,
2867,13731,60
2868,7297,
2869,20250,
2870,4827,18
2871,5168,14
2872,21068,
2873,10712,
2874,9035,40
2875,1316,
2876,612,
2877,3298,1000
2878,19134,88
2879,1103,
2880,15564,80
2881,24963,
2882,167,
2883,15344,
2884,8719,10
2885,12132,14
2886,889,3
2887,20679,800
2888,14567,
2889,10182,100
2890,20708,
2891,3989,182
2892,24704,
2893,28641,
2894,7415,0
2895,16029,
2896,21374,
2897,20351,
2898,22667,27
2899,10274,
2900,23386,
2901,16080,300
2902,14162,55
2903,28536,84
2904,22530,200
2905,20367,
2906,20930,52
2907,17899,17
2908,1742,
2909,9208,45
2910,19074,
2911,11009,
2912,28734,34
2913,18857,30
2914,27853,
2915,3214,
2916,8419,
2917,22148,12
2918,6238,
2919,11628,14
2920,15219,180
2921,14780,50
2922,4430,6
2923,14535,15
2924,5679,150
2925,24350,25
2926,23947,13
2927,5087,4
2928,18476,10
2929,17465,900
2930,21401,3600
2931,172,
2932,22482,17
2933,7228,
2934,3626,7
2935,16682,210
2936,13768,
2937,2963,4
2938,18177,
2939,19249,
2940,25827,
2941,18659,
2942,8735,
2943,13228,20
2944,6839,55
2945,6794,
2946,23818,4
2947,10591,
2948,12690,40
2949,13032,200
2950,11672,
2951,29346,
2952,20035,
2953,22710,10
2954,-7799917609033718044,6
2955,53,36
2956,14777,
2957,6380,
2958,10946,
2959,17553,
2960,4642,
2961,13346,11
2962,4946,3
2963,815,
2964,11595,
2965,11384,
2966,30446,
2967,3639,18
2968,10346,200
2969,11653,1
2970,5633,
2971,5053,
2972,17030,41
2973,10509,
2974,28928,17
2975,13991,28
2976,9267,60
2977,3369,34
2978,7639,
2979,13661,1600
2980,2352,2
2981,3264,576
2982,27961,7500
2983,30248,
2984,12614,15
2985,29557,30
2986,9556,12
2987,23136,
2988,8760,81
2989,26197,
2990,6735,50
2991,26490,105
2992,30253,192
2993,-7099803813582431362,8
2994,450,4
2995,27227,1
2996,26436,25
2997,19788,
2998,2534,143
2999,16648,
3000,7886,
3001,6843,
3002,18795,
3003,29829,
3004,26956,
3005,1830,24
3006,25444,
3007,13499,
3008,2932786445509134492,
3009,19175,84
3010,9445,
3011,2201,14
3012,27340,
3013,29722,
3014,9447,
3015,12769,1200
3016,10396,
3017,-4108585223632793595,9
3018,28601,
3019,22518,
3020,16123,26
3021,13245,
3022,22071,
3023,29089,3
3024,16913,
3025,4387,5
3026,2993,43
3027,4019,
3028,21208,2
3029,23108,90
3030,28856,
3031,22176,
3032,15731,60
3033,27977,
3034,16836,
3035,22740,6
3036,24821,20
3037,11468,
3038,7398,
3039,27507,7
3040,952,
3041,18663,
3042,9343,
3043,29895,398
3044,6968,
3045,700,
3046,10431,
3047,23677,6
3048,12105,
3049,26054,
3050,21187,6
3051,1014,10
3052,14646,5
3053,12453,19
3054,25834,
3055,17033,
3056,23949,
3057,10930,4
3058,26111,
3059,12192,
3060,18604,2
3061,28096,
3062,5010,
3063,27679,
3064,4383,
3065,13220,
3066,3492,7
3067,7515,40
3068,7662,
3069,13976,25
3070,29523,
3071,9812,2
3072,27178,
3073,24965,12
3074,13935,
3075,6081,10
3076,9143,3
3077,2100,17
3078,3562,8
3079,21313,
3080,9360,3
3081,16993,200
3082,8355,1
3083,27460,
3084,22702,2
3085,10517,1200
3086,18680,
3087,13282,
3088,8033,
3089,225,6
3090,2034,
3091,29537,
3092,19916,159
3093,17761,20
3094,8187,
3095,4618,
3096,9829,
3097,30390,
3098,16171,833
3099,math-0012,50
3100,27097,
3101,14244,
3102,4089,14
3103,8470,
3104,5708,3
3105,12040,
3106,14298,
3107,15456,
3108,25631,64
3109,10506,
3110,27579,
3111,5711,
3112,9919,35
3113,4347,
3114,2225,
3115,21877,5
3116,16801,3
3117,19400,
3118,18903,19
3119,6552,
3120,24635,100
3121,9266,
3122,1024,2
3123,28766,
3124,4632,18
3125,9921,
3126,1761,640
3127,10070,95
3128,3620,6
3129,12476,
3130,9070,
3131,1545679634528161296,2100
3132,25296,
3133,10912,32
3134,9875,
3135,28421,294
3136,2517,42
3137,14,
3138,24302,24
3139,7793,
3140,9181,165
3141,16441,
3142,13894,37
3143,26345,10
3144,15065,40
3145,11909,
3146,1745,72
3147,27934,
3148,9760,
3149,14342,2
3150,5404,30
3151,2998,600
3152,1124,480
3153,376,8
3154,21105,
3155,30563,
3156,2496,39
3157,7441,
3158,2720,13
3159,11923,400
3160,6250,150
3161,11404,
3162,21557,100
3163,3425,
3164,21145,10
3165,7675,
3166,7376,
3167,29135,120
3168,13757,6
3169,15783,14
3170,1589,64
3171,8834,
3172,6397,
3173,13136,
3174,14991,3
3175,3900,
3176,1133,
3177,28596,12
3178,25760,54
3179,5354,
3180,19696,2
3181,17305,
3182,27958,
3183,7952,
3184,19115,30
3185,12487,
3186,7803,
3187,30594,
3188,7858,55
3189,8178,
3190,28933,21
3191,3947,
3192,4978,1
3193,11733,
3194,10626,2800
3195,25919,
3196,18962,2
3197,20672,
3198,28938,
3199,6718,32
3200,10465,
3201,17390,4
3202,28590,
3203,21080,3600
3204,23861,1786
3205,28817,
3206,13145,
3207,6291,1000
3208,7029,
3209,1511,11682
3210,19477,
3211,22836,13
3212,345,
3213,18093,
3214,8339,
3215,10247,20
3216,-6332214582069557353,28
3217,5947,
3218,12100,
3219,950,
3220,13918,100
3221,192,
3222,8597,
3223,8197,
3224,17274,
3225,2992,262
3226,14030,
3227,18238,10
3228,14335,
3229,11313,
3230,15409,300
3231,25215,6
3232,1567,3
3233,5489,5
3234,1387,8
3235,9441,
3236,26586,3
3237,20925,
3238,24083,
3239,9026,
3240,7349,
3241,14165,200
3242,2928,25
3243,5229,
3244,7603,27
3245,10100,2
3246,28366,
3247,17412,
3248,16980,
3249,16246,
3250,26791,320
3251,26865,
3252,21109,3625
3253,28368,6005
3254,11069,5
3255,17090,120
3256,4520252764425132387,9594
3257,16254,180
3258,1010,
3259,21671,8
3260,4103,
3261,18285,12
3262,1033,3
3263,11612,1060
3264,9893,14
3265,16564,
3266,12280,3
3267,6647,
3268,3739,851
3269,3541,15
3270,18667,
3271,16318,20
3272,13520,3500
3273,12976,
3274,218,24
3275,22801,1800
3276,711,3
3277,5281,31
3278,21478,
3279,16315,6
3280,19856,
3281,24029,
3282,-4954904832527759146,54
3283,5338,
3284,5902,9
3285,7567,
3286,24851,140
3287,22735,9
3288,18664,
3289,26983,
3290,7894,
3291,8737,
3292,11822,
3293,5583,
3294,13668,
3295,5661,10
3296,26343,
3297,7303,
3298,12098,6
3299,20154,
3300,157,60
3301,27267,57
3302,8498,2
3303,20354,10
3304,1079,10
3305,9936,
3306,16407,28
3307,29368,144
3308,1781,61
3309,30095,33
3310,25078,
3311,16602,
3312,15827,
3313,16322,
3314,25265,18
3315,5433,
3316,25574,
3317,23260,15
3318,4996,60
3319,13336,9
3320,29629,9
3321,24782,
3322,20575,
3323,9563,27
3324,22850,
3325,30624,
3326,-6786562003224438941,8
3327,11450,
3328,28890,
3329,21923,
3330,1471,
3331,1760,12
3332,5664,
3333,1737,28
3334,26621,3
3335,869,
3336,2062713268534357416,72
3337,18588,7
3338,24295,
3339,25410,50
3340,22650,50
3341,13881,72
3342,25070,12
3343,7008,
3344,30230,
3345,26252,
3346,2763,152
3347,9934,24
3348,2595,3
3349,28194,
3350,6181,2
3351,9385,
3352,10798,16
3353,8842,3
3354,7577,
3355,2912,
3356,5818,12
3357,30373,
3358,7121,2
3359,9775,
3360,22849,400
3361,24023,8
3362,16944,12
3363,21527,12
3364,27962,9000
3365,4164,24
3366,10826,
3367,25101,
3368,13166,
3369,20487,5
3370,22582,
3371,14020,36
3372,8998,7
3373,3489,
3374,1548,
3375,9317,59
3376,27160,865
3377,16422,14
3378,23184,78
3379,5080,
3380,19677,
3381,10690,27
3382,9692,
3383,2969,
3384,12967,42
3385,22061,
3386,20173,10
3387,826,
3388,21312,40
3389,11950,
3390,14043,
3391,2802,270
3392,4799,26
3393,504,2000
3394,455,0
3395,23749,
3396,15610,
3397,16218,5
3398,21972,
3399,10488,
3400,29683,
3401,25982,40
3402,-267218281458511839,6
3403,21775,46
3404,11312,
3405,1698,12
3406,26611,
3407,7480,
3408,29354,1
3409,16136,12
3410,7922,
3411,25333,
3412,3423,
3413,21112,
3414,24187,
3415,18504,
3416,15104,
3417,29034,
3418,23727,90
3419,1687,33
3420,2364,37
3421,13344,15
3422,22144,10
3423,30688,
3424,28417,100
3425,22053,10
3426,11144,15
3427,10019,9
3428,26162,16
3429,20560,20
3430,q6,60
3431,19408,
3432,26269,
3433,19683,9
3434,3333,
3435,21602,
3436,29482,
3437,24149,216
3438,20212,15
3439,unique_id_001,21
3440,8502,
3441,7510,
3442,20907,
3443,2210,4
3444,20642,8
3445,16629,120
3446,6417,3
3447,21423,1
3448,14500,1350
3449,30384,
3450,15421,28800
3451,19774,40
3452,21501,
3453,29390,
3454,28197,
3455,13014,
3456,14792,300
3457,30098,
3458,20394,
3459,17772,
3460,14382,3
3461,6373,
3462,16276,40
3463,12547,
3464,29269,3600
3465,12494,100
3466,28361,
3467,12529,4
3468,27276,
3469,15266,
3470,25550,
3471,20347,3
3472,22577,3
3473,6019,5
3474,23230,8
3475,28531,
3476,18751,
3477,6493,
3478,5425,2
3479,30644,200
3480,18037,
3481,28009,
3482,9368,
3483,2328,990
3484,10424,
3485,2646,
3486,23335,
3487,30607,2000
3488,50,
3489,8377,61
3490,15209,
3491,30201,5
3492,4718,39
3493,29429,
3494,17569,
3495,18904,252
3496,2245,158
3497,5057,40
3498,5872,
3499,8281,3
3500,28823,3
3501,24659,21
3502,12689,7
3503,11649,
3504,19562,7
3505,2291,
3506,23999,30
3507,10033,14
3508,24586,40
3509,27712,
3510,2079,4
3511,6540,34
3512,3731,8
3513,19434,
3514,8149,
3515,4492,60
3516,26119,
3517,12091,9
3518,11288,
3519,4945,8000
3520,12025,6
3521,20476,
3522,19259,124
3523,7438,
3524,18230,
3525,28969,612
3526,15697,
3527,30039,
3528,18818,400
3529,12491,
3530,17557,28
3531,2713,7
3532,20118,
3533,15302,
3534,3999,
3535,17203,
3536,17494,
3537,961,4
3538,6192,0
3539,28300,
3540,21169,2
3541,10871,
3542,13143,
3543,26031,15
3544,7621,
3545,15836,7
3546,12575,40
3547,3607,83
3548,22995,2
3549,3417583854805060615,7
3550,15159,26
3551,30743,
3552,19984,
3553,16021,0
3554,19222,12
3555,15294,12
3556,24983,
3557,1352,7
3558,25189,214
3559,15268,
3560,12675,
3561,25950,
3562,23286,176
3563,22209,
3564,3091,1
3565,25593,10000
3566,7019,18
3567,1919,35
3568,30586,24000
3569,14702,291
3570,10523,
3571,1310,
3572,11777,
3573,28480,
3574,16603,
3575,10574,
3576,18449,15
3577,8151,24
3578,27285,
3579,11377,
3580,6200,44
3581,20617,
3582,14579,
3583,19351,
3584,4880,
3585,6179,
3586,28089,
3587,8788,
3588,28549,
3589,14103,75
3590,25937,
3591,20048,150
3592,1799,
3593,1878,6
3594,16059,
3595,21606,65
3596,24468,358
3597,2903,
3598,23111,
3599,6838,
3600,21469,4
3601,8269,
3602,16835,
3603,23269,
3604,25559,
3605,10295,150
3606,16695,10
3607,14891,510
3608,4581,164
3609,26333,30
3610,55,
3611,15231,
3612,10224,9
3613,28576,
3614,6241,13
3615,2140,
3616,1062,
3617,24967,384
3618,27580,
3619,11039,8
3620,14241,28
3621,28324,
3622,-6584559084429222764,
3623,6803,15
3624,10814,
3625,27715,
3626,8244,
3627,5096,
3628,3789,5
3629,15816,
3630,2922,
3631,20078,10
3632,22406,
3633,16976,
3634,9811,
3635,7758,
3636,22009,20
3637,17730,2
3638,15284,90
3639,26636,
3640,1560,9
3641,15946,
3642,11683,
3643,16398,1
3644,26294,
3645,24675,3
3646,2895,14
3647,10376,17
3648,26758,80
3649,14639,20
3650,8671,19
3651,23695,7
3652,25716,
3653,3797,20
3654,6400,
3655,26912,
3656,8652,
3657,20566,
3658,22999,
3659,13473,
3660,27019,1
3661,-5168886649718080327,20
3662,5986,210
3663,6614,40
3664,9194,
3665,23642,100
3666,23353,
3667,28683,600
3668,23418,
3669,2355,90
3670,12198,
3671,930,486
3672,29847,400
3673,15641,
3674,4582,
3675,30351,
3676,16815,3
3677,21433,
3678,21064,
3679,18783,
3680,11291,
3681,13280,
3682,27539,44
3683,22167,
3684,16469,200
3685,4490,554
3686,20676,35
3687,5516,
3688,939,338
3689,19264,12
3690,9519,
3691,26306,
3692,2636,
3693,11179,80
3694,13462,12
3695,11883,
3696,7260,
3697,2183,
3698,25217,4
3699,3534,
3700,14906,4000
3701,8413,60
3702,19967,
3703,26857,
3704,6007,18
3705,5450,9
3706,7907,
3707,17414,
3708,23588,17
3709,18471,67
3710,25537,
3711,5109,
3712,2154,
3713,17184,
3714,9924,2500
3715,21770,
3716,23795,40
3717,16325,
3718,9218,
3719,22006,46
3720,27752,
3721,124,29
3722,25442,1
3723,20261,
3724,29884,
3725,26243,15
3726,12200,
3727,10745,8
3728,15538,2
3729,16700,21
3730,21351,672
3731,27743,40
3732,24001,150
3733,26189,
3734,30409,
3735,2275,
3736,30297,
3737,6083,26
3738,13866,114
3739,8028,
3740,3765,4
3741,7317,
3742,26967,
3743,296,2
3744,13213,
3745,12197,10
3746,25177,45
3747,16337,450
3748,19923,
3749,6678,
3750,18997,
3751,19095,
3752,21362,
3753,21755,
3754,4168,40
3755,8814,
3756,8447,12
3757,9914,
3758,20540,
3759,8334,
3760,19052,2
3761,10485,2
3762,19598,7
3763,6871,5000
3764,25930,
3765,27586,
3766,20859,
3767,30578,15000
3768,24939,5
3769,4794,8
3770,11700,
3771,30033,
3772,14354,1
3773,30143,
3774,21886,15
3775,21814,
3776,30121,6
3777,2452,
3778,4189,
3779,27115,55
3780,30115,
3781,19750,
3782,14379,400
3783,4895,432
3784,23420,
3785,28672,79
3786,15896,205
3787,6164,84
3788,11016,
3789,15815,840
3790,21343,
3791,14407,
3792,25375,84
3793,14865,
3794,3543,
3795,19963,630
3796,2326,
3797,11556,3
3798,11095,8
3799,16503,54
3800,19768,8
3801,8888,
3802,15352,
3803,2262,
3804,17346,75
3805,13003,9
3806,2630,
3807,3769,
3808,4254,11
3809,4118,22
3810,12824,4
3811,11971,160
3812,25953,1
3813,8596,104
3814,7041,
3815,20399,
3816,6890,10
3817,30073,48
3818,19711,
3819,14868,14
3820,9425,
3821,30521,40
3822,22234,13
3823,4348,
3824,2721,9
3825,11286,
3826,11781,
3827,4847,
3828,5477,
3829,21818,19
3830,8019,
3831,28503,62
3832,20620,250
3833,18422,375
3834,10805,505
3835,12497,27
3836,5703,144
3837,6108,
3838,19782,
3839,20158,
3840,4124,3
3841,3793,6
3842,6537,
3843,29947,
3844,29341,
3845,11441,120
3846,7368,
3847,25803,10
3848,1161,6
3849,26601,
3850,13241,46
3851,26481,
3852,24912,
3853,11280,
3854,30658,32
3855,21784,
3856,1647,23
3857,22027,
3858,24388,37
3859,5563,
3860,26006,120
3861,10300,147
3862,4115,7
3863,21129,
3864,7602,
3865,30209,18
3866,28450,6
3867,21301,500
3868,12959,
3869,28094,
3870,10601,220
3871,1857,42
3872,1588,
3873,9582,4
3874,20295,
3875,7511,3
3876,13335,
3877,26479,
3878,17770,
3879,28141,
3880,30316,1575
3881,3032,25
3882,18440,
3883,10164,6
3884,23857,400
3885,760,
3886,5498,846
3887,26525,
3888,4828,145
3889,15127,10
3890,20819,16
3891,6825,30
3892,9439,
3893,646,40000
3894,18805,
3895,23573,4
3896,28762,
3897,11718,10
3898,15627,
3899,6512,
3900,19097,
3901,22011,6
3902,21773,188
3903,30570,
3904,7270,4
3905,13734,100
3906,21094,46
3907,16204,55
3908,9642,50
3909,17329,
3910,3752,8
3911,11375,
3912,28103,12
3913,23367,240
3914,21743,
3915,27670,
3916,9409,
3917,23676,4
3918,27994,
3919,14704,
3920,25662,
3921,15413,
3922,13714,20
3923,14794,
3924,26198,
3925,7826,15
3926,28517,
3927,29780,20
3928,29369,168
3929,2641,
3930,21399,12
3931,15348,
3932,24104,180
3933,1656,14
3934,17947,20
3935,28307,
3936,17934,
3937,19256,
3938,13016,
3939,18906,308
3940,13859,200
3941,22423,
3942,29449,15
3943,27379,
3944,16127,
3945,3458,
3946,30336,14
3947,14893,
3948,12932,
3949,18474,20
3950,13804,
3951,26590,
3952,5402,103
3953,12697,
3954,20363,
3955,18406,
3956,5517,13
3957,16972,
3958,3899,
3959,12346,
3960,9272,
3961,20166,
3962,20663,20
3963,28449,
3964,17909,
3965,3523,354
3966,11457,34
3967,14219,100000
3968,23183,
3969,30707,60
3970,21244,
3971,24615,
3972,14578,
3973,14980,
3974,7773,
3975,5586,
3976,5793,850
3977,13702,
3978,11350,
3979,21141,
3980,6128,
3981,21431,1050
3982,11165,1200
3983,7204,4
3984,16420,
3985,28599,3440
3986,24119,3
3987,1849,182
3988,2495,9
3989,29723,240
3990,1037429082387147965,
3991,7920,
3992,12530,
3993,13920,6
3994,3695754669400763197,1540
3995,991,8
3996,30643,
3997,26987,
3998,25560,
3999,2026,45
4000,17748,3
4001,22590,525
4002,19703,
4003,15273,1050
4004,10184,20
4005,163,10
4006,15715,40
4007,23045,83
4008,27047,30
4009,1568,15
4010,5133,120
4011,23033,
4012,6476,68
4013,28166,
4014,10302,48
4015,21725,12
4016,28084,35
4017,10889,16
4018,29378,
4019,2796,10
4020,2396,
4021,4710,56
4022,15588,
4023,2425,
4024,7388,10
4025,4556,
4026,310,240
4027,17445,5
4028,30678,
4029,24136,160
4030,11998,9
4031,4814531982077685719,400
4032,14864,
4033,24363,
4034,4090,
4035,16585,4
4036,7823,136
4037,5720,
4038,28652,2
4039,10158,
4040,9375,
4041,3213,20700
4042,19657,120
4043,22539,6
4044,30399,
4045,18838,28
4046,6345,
4047,11663,
4048,8900,
4049,7378,
4050,2742,
4051,26644,
4052,25893,
4053,30192,
4054,10183,10
4055,16003,
4056,14775,
4057,22693,
4058,15644,210
4059,5440,
4060,5304,6
4061,13839,20
4062,28801,10
4063,23706,6
4064,7186,
4065,14119,200
4066,22105,72
4067,2289,
4068,2639,256
4069,15997,15
4070,28771,175
4071,596,122
4072,16813,12
4073,19155,
4074,554,
4075,30205,
4076,20388,
4077,11273,280
4078,6757,
4079,11606,15
4080,12090,
4081,26756,
4082,29619,
4083,24852,
4084,5615,
4085,13543,21
4086,9540,6
4087,28803,808
4088,24708,
4089,25405,
4090,2564,
4091,3663,
4092,12262,1
4093,3350,
4094,15579,
4095,13852,
4096,13092,
4097,19753,620
4098,20236,2
4099,27502,
4100,7774,6
4101,19141,
4102,18399,85
4103,12936,4
4104,8385,
4105,29620,
4106,1681,10
4107,3383,
4108,11533,
4109,10387,
4110,19669,
4111,2569,
4112,8259,800
4113,21133,60
4114,14406,
4115,4731,28
4116,30591,7
4117,3927,67
4118,3528,
4119,24430,
4120,23937,
4121,15201,
4122,2818,
4123,23022,
4124,5938227892796475777,
4125,11183,
4126,22860,
4127,1372,6
4128,27003,
4129,12613,
4130,13783,7
4131,5427,14
4132,8523232667671514597,14
4133,23220,60
4134,8204,
4135,15300,14
4136,28030,2
4137,13954,9
4138,29407,
4139,17527,12
4140,20523,5
4141,13648,
4142,14233,
4143,27719,
4144,11532,2
4145,22379,3
4146,29421,13
4147,10647,
4148,16375,45
4149,12410,20
4150,29084,120
4151,1686,
4152,30611,154
4153,7450,12
4154,14482,
4155,7697,900
4156,11737,
4157,23155,
4158,4193,
4159,15749,
4160,7431,14
4161,14634,
4162,24232,500
4163,6830,
4164,16486,200
4165,10740,
4166,10084,
4167,5532,384
4168,20805,12
4169,11774,
4170,1935,48
4171,14894,
4172,27387,
4173,-7743472432802460426,169
4174,5623,
4175,12731,
4176,1690,
4177,28033,4
4178,19101,
4179,12080,225
4180,2581,21
4181,24746,
4182,10577,
4183,18300,32
4184,28212,150
4185,28786,
4186,30461,
4187,29373,4
4188,4270,6
4189,27585,
4190,30128,243
4191,27435,
4192,24929,
4193,28764,
4194,26663,
4195,10072,5
4196,10269,
4197,2618,
4198,16075,
4199,12960,
4200,19971,
4201,21461,45
4202,7985,3
4203,14914,
4204,23118,
4205,3014,
4206,7086,
4207,8132,
4208,22798,
4209,13634,8
4210,26223,4
4211,27148,
4212,20070,
4213,6980,25
4214,5951,
4215,8038228069641441636,24
4216,24487,25
4217,Q-001,10
4218,686,16423
4219,8778,196
4220,16842,23
4221,1860,111
4222,23561,
4223,24481,
4224,1074,
4225,5093,
4226,20975,1
4227,8563,
4228,6759,
4229,23223,
4230,88e13c8c,14600
4231,15802,230
4232,12964,
4233,15147,
4234,16797,
4235,6996,
4236,23365,4
4237,10956,5
4238,15182,50
4239,22555,
4240,28472,40
4241,13578,
4242,25854,
4243,22450,4
4244,15542,22
4245,7021,
4246,2583,
4247,30221,3
4248,18931,
4249,7405,30
4250,27061,
4251,6813,
4252,2472,
4253,6705,
4254,3628,2
4255,4476,
4256,12709,
4257,16244,8
4258,14597,13
4259,6550,10
4260,22085,20
4261,22781,
4262,20645,
4263,6992,
4264,14344,
4265,26412,3
4266,24221,2
4267,2633,
4268,20525,
4269,22731,40
4270,8246,
4271,25653,
4272,11875,115
4273,18879,750
4274,3850,24
4275,27436,
4276,13013,
4277,28322,
4278,8369,
4279,5129,120
4280,17982,10
4281,16280,10
4282,10507,
4283,4091,
4284,23087,14
4285,5577,
4286,19209,5
4287,12384,4
4288,9422,
4289,15451,
4290,15509,2
4291,16457,4
4292,14708,45
4293,13816,
4294,21166,
4295,27317,
4296,5205,15
4297,23176,15
4298,20401,10
4299,4068,8
4300,9096,50
4301,27438,93
4302,9068,80
4303,18397,17
4304,29087,
4305,30070,11
4306,5339,9
4307,3200,9
4308,13799,58
4309,2547,
4310,19198,
4311,23854,
4312,26973,
4313,13309,
4314,29789,50
4315,23267,25
4316,7714,40
4317,25073,
4318,17857,
4319,14995,5
4320,28411,25
4321,7251,25
4322,19839,9570
4323,23359,
4324,10397,
4325,21485,
4326,14446,
4327,1334,42
4328,4095,3
4329,30478,
4330,18347,10635
4331,17500,
4332,15471,3
4333,3646,
4334,14166,
4335,14539,
4336,22856,5
4337,Q1-34,
4338,30319,10
4339,20542,
4340,29,720
4341,9862,25
4342,9261,
4343,9824,
4344,15089,
4345,25190,
4346,20253,
4347,1960,60
4348,13827,18
4349,7546,
4350,30241,
4351,20198,
4352,27357,
4353,16909,10
4354,854,
4355,16945,
4356,29870,
4357,21026,
4358,20186,
4359,29262,
4360,7459,24
4361,8189,39
4362,16647,
4363,16283,50
4364,30088,
4365,8255,
4366,21538,
4367,30116,
4368,5884,2700
4369,28317,
4370,9748,
4371,312,3
4372,15418,91
4373,24036,
4374,18759,36
4375,20221,333
4376,29503,
4377,24892,2
4378,7698,60
4379,29925,4
4380,26672,
4381,27176,24
4382,26365,
4383,19946,8
4384,29217,
4385,23672,13
4386,265,
4387,23908,6
4388,857,2
4389,9241,34
4390,7574,90
4391,4266,174
4392,20111,
4393,23494,
4394,18967,18
4395,7248,
4396,2406,
4397,27485,95
4398,11731,207
4399,11946,9
4400,19685,117
4401,29607,80
4402,8175,590
4403,20123,3
4404,2597,
4405,3498,164
4406,6677,15
4407,18400,3
4408,30282,192
4409,7147,9
4410,3892,84
4411,12316,
4412,23342,
4413,24908,
4414,18958,
4415,16028,66
4416,20860,210
4417,2758,59
4418,3237,10
4419,4210,4
4420,24039,
4421,24258,2
4422,3937,28
4423,10737,
4424,28446,
4425,17783,
4426,13779,
4427,4362,3
4428,19597,
4429,164,
4430,17022,110
4431,13157,0
4432,23798,40
4433,25371,
4434,29145,10
4435,27761,
4436,14025,26
4437,7755,8
4438,26303,4
4439,26581,1144
4440,17888,
4441,27046,
4442,4685,3120
4443,621,
4444,20331,
4445,27121,
4446,23570,
4447,1087,7
4448,22842,6000
4449,4389,9
4450,18595,
4451,11208,
4452,10437,
4453,338,2
4454,17094,63
4455,16069,1000
4456,-3412632735844162241,
4457,6481,
4458,17939,
4459,13828,0
4460,30657,4
4461,16186,6
4462,30724,6
4463,18730,
4464,6247,2
4465,6104,45
4466,15844,240
4467,11741,116
4468,9384,
4469,25783,6
4470,30258,
4471,945,
4472,12524,
4473,14513,35
4474,3636,
4475,12736,
4476,6281,
4477,24870,0
4478,30132,243
4479,788,
4480,7993,15
4481,15146,72
4482,9379,60
4483,11200,92
4484,23623,60
4485,11511,
4486,29920,
4487,13252,3
4488,21869,6
4489,6016,1
4490,18643,
4491,4958,80
4492,28364,20
4493,3013,
4494,12391,
4495,19281,
4496,20056,80
4497,29843,3
4498,8378,7
4499,2035545139171587325,160
4500,25509,104
4501,29327,
4502,10272,11
4503,11135,
4504,11262,6
4505,19075,
4506,14187,
4507,7780,2
4508,19582,
4509,10915,4
4510,18743,1602
4511,27695,
4512,4804,5
4513,3082,50
4514,30267,10
4515,5685,
4516,23892,
4517,11927,
4518,21727,12
4519,9246,
4520,20140,6
4521,4094,
4522,21278,
4523,11742,100
4524,23991,
4525,7229,
4526,4255,
4527,12318,
4528,11251,70
4529,18004,21
4530,4221,1677
4531,799,132
4532,465,13
4533,Q-1234,9
4534,23539,3472
4535,14658,
4536,434,3
4537,24047,20
4538,14574,500
4539,226,12
4540,12429,
4541,20458,12
4542,4326,
4543,8630,
4544,6131,
4545,1701,13
4546,6477,3
4547,19300,10
4548,12455,
4549,895,161
4550,22901,
4551,1097,3
4552,462,
4553,26358,300
4554,1672,30
4555,5381216218857606182,18
4556,12778,
4557,14195,
4558,-4194705505621944475,
4559,23916,20
4560,29645,
4561,18500,35
4562,24509,
4563,5826,18
4564,12812,7
4565,6468,
4566,10448,
4567,16085,3
4568,21655,
4569,27286,
4570,3585,
4571,21297,
4572,9131,
4573,23358,
4574,1326,24
4575,5626,55
4576,5539,
4577,-3266123095731232827,
4578,5411,24
4579,13167,125
4580,8550,
4581,148,1268
4582,30469,
4583,18553,6000
4584,20850,
4585,23644,
4586,11345,
4587,29771,
4588,5601,19
4589,716,
4590,23096,8
4591,29690,1200
4592,19512,
4593,15977,4
4594,10984,10
4595,3049,7
4596,7077,
4597,29213,
4598,12651,14
4599,9479,25
4600,26820,52
4601,784,
4602,22063,
4603,16451,
4604,10686,
4605,10392,80
4606,15619,15
4607,17456,
4608,13615,
4609,26526,
4610,7942,338
4611,27955,
4612,29543,6
4613,5967,5
4614,6388,36
4615,9528,18
4616,1635980049532978208,208
4617,15245,
4618,8010,
4619,10046,4
4620,26464,120
4621,4333,6
4622,24500,100
4623,29559,
4624,23885,15
4625,17964,
4626,16306,
4627,29836,160
4628,7871,
4629,16393,3
4630,16645,10
4631,28031,500
4632,2598466723222634345,3
4633,29439,150
4634,2065,
4635,23556,
4636,562,
4637,1933,
4638,4179,
4639,28499,19
4640,28567,0
4641,8070,100
4642,7372,
4643,13005,18
4644,22628,
4645,18587,50
4646,30279,6
4647,20427,150
4648,15023,104
4649,29209,250
4650,1584,48
4651,28721,
4652,12554,
4653,23939,810
4654,25823,24
4655,26113,13
4656,12947,26
4657,25313,
4658,10697,30
4659,28255,
4660,21689,
4661,1923,
4662,21015,
4663,29033,
4664,17756,
4665,2831,
4666,29093,
4667,12451,
4668,15825,1
4669,q001,
4670,24053,
4671,10933,13
4672,3302,
4673,28254,72
4674,21503,
4675,26121,
4676,30347,80
4677,20473,9
4678,4069,5
4679,22876,
4680,6507,10
4681,15313,
4682,14503,1500
4683,8742,310
4684,7717,
4685,10006,18
4686,25179,
4687,1068,21
4688,22554,75
4689,13250,
4690,22113,5
4691,19853,
4692,835,
4693,14287,90
4694,19298,20
4695,22136,450
4696,14175,10
4697,26875,46
4698,21041,4
4699,21646,40
4700,26083,5
4701,9100,21
4702,25355,16
4703,11043,
4704,22847,310
4705,3876,3360
4706,1427,
4707,18883,6
4708,23536,
4709,10088,
4710,3885,8
4711,6768,
4712,1902,1002
4713,26583,2600
4714,131,
4715,5455,
4716,318,8
4717,9378,
4718,11506,
4719,11706,400
4720,2070,
4721,9757,
4722,-141985230447918696,2
4723,19050,21
4724,23369,1
4725,8665,30
4726,12078,0
4727,15562,9
4728,20472,
4729,12283,1
4730,441,861
4731,16488,
4732,4707,600
4733,9205,
4734,11725,4
4735,1224,9
4736,7109,4
4737,20474,
4738,24370,
4739,18275,30
4740,14504,450
4741,20230,7
4742,28193,2
4743,28750,
4744,21880,
4745,10303,22
4746,24107,22
4747,7456,40
4748,12673,
4749,24052,
4750,29042,
4751,25692,
4752,548,12
4753,5245,1040
4754,29682,4
4755,7043,5
4756,30401,2
4757,1230,10
4758,11690,12
4759,27763,20
4760,27792,40
4761,22830,4
4762,18547,21
4763,2468,
4764,19814,20
4765,6450,
4766,20977,
4767,25408,
4768,21428,150
4769,11701,2
4770,6003,7
4771,25660,12
4772,11486,150
4773,26498,12
4774,12355,2
4775,28018,
4776,23560,
4777,5910,
4778,10315,4
4779,14026,
4780,23235,400
4781,13039,6
4782,5070,
4783,11662,
4784,3832,8
4785,7903,60
4786,22131,
4787,1915,72
4788,10148,
4789,25281,
4790,1976,
4791,24201,9
4792,6582,
4793,6355,
4794,13045,16
4795,6451,6
4796,25940,
4797,5917,
4798,20980,
4799,3688,
4800,1929,24
4801,19508,8
4802,16424,
4803,4087,
4804,23776,
4805,13073,35
4806,30027,
4807,13155,39
4808,8752,5
4809,16705,6144
4810,5202,
4811,7308,
4812,19583,30
4813,5040,
4814,5490,8
4815,17941,
4816,3379,150
4817,20857,14
4818,6399,
4819,2416,67
4820,3490,
4821,4729,12
4822,3617,68
4823,3203,
4824,20835,
4825,12203,2
4826,17764,
4827,11258,375
4828,30601,
4829,6040,25
4830,30744,
4831,19613,40
4832,9557,7
4833,1516,31
4834,1971,9
4835,17190,1
4836,21443,
4837,867,
4838,24674,21
4839,21533,
4840,7684,64
4841,9538,16
4842,3501,
4843,11469,301
4844,20441,
4845,4493,
4846,14181,7
4847,19153,56
4848,10643,
4849,13886,
4850,27646,
4851,1893,4
4852,22945,7
4853,22463,
4854,14616,30
4855,10985,3
4856,22617,
4857,26567,
4858,2067,
4859,28984,
4860,360,729
4861,16149,
4862,18451,5
4863,11160,
4864,5412,
4865,10631,
4866,6931,
4867,24326,
4868,22459,47
4869,15553,250
4870,542,
4871,9780,6
4872,26193,
4873,21585,9
4874,10104,
4875,16811,50
4876,29317,
4877,15241,
4878,22069,57
4879,12537,36000
4880,13580,10
4881,22305,
4882,320,110
4883,11126,900
4884,8802,
4885,30705,
4886,16641,
4887,12712,
4888,8852,
4889,21136,
4890,107,9594
4891,2304,6
4892,7038,
4893,21473,
4894,12364,
4895,17206,
4896,21346,25
4897,10479,
4898,21779,50
4899,25382,126
4900,4223,3350
4901,18572,320
4902,12546,
4903,11871,108
4904,3625,15
4905,8350,
4906,22458,108
4907,2958,13
4908,8850,600
4909,7244,
4910,1495,384
4911,15680,20
4912,22483,
4913,14767,
4914,20998,20
4915,14774,2
4916,24195,
4917,25566,
4918,22033,
4919,9404,40
4920,3738,10
4921,17266,4
4922,28600,120
4923,21273,26
4924,16180,42
4925,27203,
4926,8474,
4927,21024,
4928,28100,
4929,11958,
4930,5208,
4931,10541,2
4932,898,
4933,2306,
4934,18806,
4935,-7097760818929339784,27
4936,29985,
4937,9078,
4938,14538,30
4939,25107,
4940,12131,
4941,5841,20
4942,17234,85
4943,19146,2
4944,18551,21
4945,-7684748780606124215,96
4946,5,59
4947,1831,
4948,11841,
4949,26008,
4950,27517,
4951,21409,1600
4952,30059,
4953,10114,
4954,25061,
4955,20613,4000
4956,9759,1500
4957,15533,
4958,11793,22
4959,2177,
4960,28113,
4961,4592,
4962,7501,18
4963,2554,4
4964,27523,
4965,29140,
4966,15556,500
4967,17622,
4968,-7990240387020223210,35
4969,26246,255
4970,14845,3
4971,9580,18
4972,914,1
4973,17581,50
4974,34,120
4975,1822,125
4976,21967,
4977,30410,10
4978,28116,
4979,15531,130
4980,26782,18
4981,7298,
4982,5218,382
4983,26234,
4984,6518,48
4985,28793,40
4986,3477,
4987,27991,
4988,3044,
4989,9526,
4990,17282,6
4991,15180,50
4992,8989,2
4993,8500,18
4994,8335,
4995,11823,
4996,27664,
4997,24545,120
4998,7784,38
4999,4329,10
5000,23457,
5001,6033,
5002,1463,16
5003,13193,
5004,10374,56
5005,28500,
5006,22673,10
5007,8384,168
5008,18624,12
5009,25971,
5010,7833,
5011,30323,22
5012,30751,
5013,5067,4
5014,10466,
5015,2747,59
5016,26466,25
5017,12581,35
5018,28495,
5019,15030,80
5020,11836,32
5021,4359,
5022,5732,
5023,13854,
5024,13147,
5025,2725,6
5026,3522,92
5027,24040,
5028,22097,
5029,9756,
5030,21390,
5031,27303,9
5032,1868,
5033,20914,
5034,29163,
5035,28164,
5036,30001,
5037,12688,230
5038,10150,45
5039,17261,405
5040,13703,125
5041,25346,60
5042,19103,
5043,461,7
5044,13269,10
5045,3273,
5046,23929,4
5047,8913,70
5048,14356,84
5049,5306,
5050,24445,14
5051,29604,
5052,13872,150
5053,24473,
5054,3066,19
5055,1604,
5056,5930,8
5057,23490,
5058,3051,
5059,2480,3
5060,26540,
5061,9941,
5062,17632,17
5063,19068,
5064,28052,3
5065,27042,
5066,29003,
5067,14690,
5068,6800,
5069,22653,4
5070,27057,
5071,30044,
5072,1806,60
5073,13885,150
5074,8217,20
5075,4049,240
5076,20725,
5077,26905,22
5078,13106,174
5079,7106,
5080,21498,
5081,6222,
5082,4463,42
5083,23062,1
5084,25339,2
5085,21734,
5086,851,
5087,24226,
5088,25,6
5089,4730,12
5090,27423,
5091,28464,30
5092,1029,5400
5093,25309,
5094,8909,
5095,9588,18
5096,20919,
5097,4395,3
5098,11930,4
5099,1381,252
5100,19273,
5101,24132,
5102,12825,124
5103,7036,8
5104,2608,
5105,15066,
5106,28712,63
5107,19863,50
5108,17601,
5109,670,
5110,2874,28
5111,6798,
5112,5081,
5113,14795,100
5114,21515,
5115,9250,
5116,15618,150
5117,19145,15
5118,20884,
5119,14361,
5120,9108,28
5121,8171,
5122,9705,
5123,22649,
5124,25188,5
5125,21729,45
5126,18861,
5127,2494,10
5128,6226,
5129,15912,3
5130,17295,
5131,10120,
5132,23620,
5133,30425,
5134,20619,40
5135,24396,21
5136,25809,32
5137,28087,1
5138,10961,
5139,16561,
5140,28424,300
5141,19589,60
5142,24592,9
5143,5868,300
5144,30309,1
5145,27531,23
5146,8039,
5147,14665,6
5148,20567,
5149,30255,
5150,4472,20
5151,10875,
5152,6496,115
5153,27422,
5154,665,
5155,23145,20
5156,29536,
5157,5285,
5158,17006,1
5159,4445,
5160,1042,2
5161,28045,4
5162,15311,
5163,20709,
5164,24951,
5165,20502,
5166,4778,1
5167,22575,1
5168,111,
5169,20177,
5170,30472,1
5171,1768,10
5172,6088,9
5173,22862,8
5174,7222,72
5175,10004,
5176,26718,
5177,26862,
5178,5860,5
5179,3500,12
5180,23844,5
5181,4299,19
5182,19437,70
5183,9413,54
5184,24944,
5185,12503,495
5186,26514,48
5187,10017,38
5188,16009,9
5189,3471,38
5190,7141,
5191,25433,
5192,469,
5193,28564,
5194,4161,53
5195,23333,56
5196,6519,290
5197,30306,1500
5198,3641,
5199,5042,6
5200,18516,75
5201,27069,
5202,15989,1
5203,7413,
5204,10023,
5205,7164,3
5206,9883,255
5207,25733,150
5208,3224,
5209,6901,4
5210,29511,16
5211,5978,48
5212,14835,80
5213,394,2
5214,24618,
5215,8835,12
5216,10365,
5217,5459,9
5218,18627,
5219,10825,
5220,14443,
5221,16569,
5222,26626,
5223,15206,
5224,17294,
5225,10804,10
5226,13156,4
5227,11708,20
5228,30569,20
5229,15087,2035
5230,26063,
5231,5058,8
5232,14890,
5233,15347,
5234,536,10
5235,1336,8
5236,9490,0
5237,20088,
5238,27746,
5239,6094,
5240,2527,8
5241,7443,3
5242,23934,
5243,19473,
5244,27362,11
5245,11864,
5246,8411,
5247,7531,39
5248,7033,
5249,12033,
5250,28077,
5251,21259,
5252,28219,58
5253,6706,15
5254,9548,
5255,26166,
5256,17517,
5257,15433,20250
5258,14532,2
5259,15492,
5260,25993,24
5261,19831,350
5262,28201,
5263,5792,4715
5264,12585,
5265,15331,
5266,7091,8
5267,6670,26000
5268,26940,
5269,27109,
5270,25571,27
5271,24692,7
5272,12229,36
5273,27734,
5274,15152,
5275,3627,5
5276,5391,5
5277,19447,
5278,18219,5
5279,11106,20
5280,11914,
5281,2292,36
5282,8931,720
5283,5034,
5284,10783,
5285,8553,4
5286,19086,230
5287,4373,
5288,23273,16
5289,30344,
5290,12975,83
5291,4658,104
5292,12520,
5293,25100,3
5294,8006,5
5295,1580,200
5296,23713,10
5297,27077,
5298,17438,
5299,27949,
5300,26927,4
5301,10890,
5302,30021,
5303,20291,
5304,17587,14
5305,14164,
5306,6777,
5307,18816,300
5308,12237,
5309,25505,
5310,13338,
5311,30284,
5312,4705627153951068125,
5313,13043,
5314,20377,760
5315,16878,3
5316,9955,
5317,582,60
5318,5308,
5319,19405,
5320,28960,
5321,6556,14
5322,11197,
5323,29878,7
5324,25474,
5325,9150759984095136831,3
5326,24159,
5327,7370,13
5328,2359,21
5329,7667,
5330,14779,11
5331,22121,
5332,25847,
5333,14754,19
5334,8734,
5335,29320,120
5336,29568,15
5337,5123,40
5338,18108,
5339,5480,13
5340,29113,
5341,29264,36000
5342,25709,
5343,29013,
5344,30713,2
5345,28265,
5346,27938,157
5347,12166,14
5348,16977,5
5349,24154,
5350,18799,
5351,20939,
5352,15116,80
5353,2516,16
5354,14816,
5355,20054,
5356,22968,
5357,15364,
5358,3403,
5359,11679,
5360,22517,24
5361,6848,
5362,16181,18
5363,18419,3
5364,21550,
5365,6642,
5366,18729,
5367,937,214
5368,12622,3
5369,19187,140
5370,20465,
5371,15991,120
5372,21823,1
5373,9240,15
5374,6485,154
5375,9358,
5376,2537,180
5377,15151,65
5378,4173,
5379,6472,36
5380,22535,
5381,20137,
5382,24125,
5383,29966,
5384,22595,
5385,5622,15
5386,10015,3
5387,26357,12
5388,29053,9
5389,8694,
5390,1708,
5391,8978,
5392,8765,
5393,21669,
5394,13983,
5395,12421,
5396,26337,
5397,11624,
5398,5122,
5399,14716,
5400,16035,
5401,3454,
5402,1949,47
5403,18183,
5404,14094,
5405,17434,
5406,23455,64
5407,7869,25
5408,18761,
5409,12548,
5410,22274,
5411,12334,
5412,11631,
5413,2849,28
5414,13492,
5415,21077,
5416,12989,
5417,28680,
5418,-6779862665260992340,
5419,19260,124
5420,1697,3
5421,8128,
5422,29238,
5423,10000,24
5424,374,
5425,1827,
5426,6952,150
5427,20317,
5428,95,27
5429,9098,
5430,2417,1
5431,24094,12
5432,13962,
5433,30494,12
5434,25206,20
5435,18502,
5436,20597,
5437,24343,6
5438,10794,25
5439,6573,
5440,11295,100
5441,6781,3
5442,26151,
5443,26372,
5444,2398,6
5445,5092,121
5446,23194,
5447,22493,
5448,1523,
5449,28847,3
5450,1177,15
5451,3800,
5452,13394,
5453,14005,100
5454,3652,73
5455,4139,
5456,3800446274299313960,252
5457,20605,
5458,16852,
5459,12923,3
5460,29069,62
5461,5764,
5462,21672,
5463,13964,12
5464,9059,30
5465,1981,3
5466,30706,60
5467,92,26
5468,2004,14
5469,25088,36
5470,4952,20000
5471,12880,
5472,15230,60
5473,6506,65
5474,900,6
5475,8124,
5476,10406,110
5477,4917,
5478,957,4
5479,22048,
5480,14803,18
5481,18824,128
5482,22567,
5483,29447,4
5484,23020,2
5485,17218,10
5486,1707,28
5487,14516,170
5488,15048,20
5489,23905,
5490,25241,
5491,23968,
5492,14568,
5493,23290,25
5494,15321,
5495,30672,500
5496,18022,10
5497,20782,
5498,16758,5
5499,29570,11
5500,8230,2
5501,1287,5
5502,5963,
5503,-3994864401968225097,
5504,2797,
5505,13583,
5506,25005,2
5507,19641,42
5508,20014,
5509,6453,10
5510,11750,
5511,10613,
5512,17385,8
5513,6714,3
5514,7098,2
5515,27925,24
5516,20515,5
5517,840,
5518,509,72
5519,25495,5
5520,21829,
5521,23507,
5522,97,
5523,22240,
5524,17216,30
5525,12620,30
5526,9031,
5527,956,
5528,108,135
5529,1680,
5530,6635,6
5531,24835,50
5532,30295,
5533,15510,
5534,11176,
5535,9674,
5536,19883,11
5537,22928,
5538,-6543963520756868308,
5539,question3,
5540,27998,110
5541,20749,8
5542,13892,42
5543,29461,
5544,21589,36
5545,10449,1
5546,29715,8
5547,185,
5548,9331,15
5549,22823,36
5550,28232,
5551,28709,
5552,11529,
5553,11831,2560
5554,11520,
5555,15002,
5556,13452,164
5557,26335,10
5558,4872,
5559,18005,11
5560,21746,5
5561,2188,23
5562,29109,
5563,22657,5
5564,3849,9
5565,18079,
5566,29963,4
5567,30406,8
5568,4766,23
5569,14261,
5570,6962,
5571,29727,
5572,28257,6
5573,343,
5574,8877,40
5575,15153,20
5576,1477,
5577,question_2,
5578,29981,100
5579,9160,
5580,8996,
5581,18056,
5582,23322,
5583,22600,
5584,28838,
5585,16733,
5586,5225,24
5587,20664,
5588,6470,20
5589,18221,10
5590,13221,1232
5591,26894,
5592,26535,10
5593,-1875717030986397410,358
5594,10928,8
5595,20845,
5596,14746,
5597,18015,
5598,26642,20
5599,3600,20
5600,18722,288
5601,30448,
5602,28348,
5603,16227,280
5604,29830,
5605,674,
5606,13111,
5607,9981,1
5608,4077,9
5609,22827,
5610,15938,
5611,25987,130
5612,26361,75
5613,22651,36
5614,8717,
5615,29893,
5616,30036,
5617,16963,
5618,2673,
5619,27799,80
5620,2603,
5621,15095,
5622,17757,
5623,25544,3
5624,7080,
5625,29496,
5626,25885,
5627,12437,160
5628,28227,195
5629,3466,19000
5630,27146,
5631,4940,
5632,10802,
5633,19176,
5634,4714,
5635,14112,
5636,e77a76ce,
5637,19326,20
5638,13801,
5639,28487,
5640,412,
5641,5587,500
5642,22353,
5643,26926,12
5644,21,
5645,7935088562069070005,
5646,10334,7
5647,21961,30
5648,30723,20
5649,22229,26
5650,9754,
5651,-5509788435858918208,
5652,18096,
5653,29453,
5654,4638,
5655,7872,30
5656,21832,
5657,29696,
5658,16669,
5659,20242,190
5660,30175,1
5661,23546,2287
5662,22752,14
5663,19234,28
5664,29483,75
5665,16447,6
5666,3723,32
5667,1704,
5668,17046,1
5669,4572,100
5670,11762,80
5671,1462,80
5672,10332,130
5673,9810,
5674,6774,750
5675,27210,8
5676,2230,6
5677,21813,4
5678,1429,5
5679,8071,
5680,26298,4
5681,26806,52
5682,13219,3200
5683,24869,
5684,26841,450
5685,3198,4
5686,18282,5
5687,27424,2
5688,17013,4
5689,9320,
5690,20142,
5691,18465,
5692,3197,35
5693,3870,
5694,9485,5
5695,29643,44
5696,4176,96
5697,1772,
5698,30626,
5699,28057,8
5700,26851,20
5701,17624,285
5702,4745,30
5703,960,27
5704,886,29
5705,20630,63
5706,14871,
5707,10515,80
5708,23304,6
5709,714,
5710,16193,10
5711,5853,16
5712,10067,95
5713,7735,
5714,12742,
5715,8448,
5716,6989,4
5717,18833,5
5718,26800,60
5719,17271,
5720,18466,
5721,27566,
5722,28046,120
5723,17107,4
5724,1263,
5725,26120,12
5726,27999,
5727,13351,3
5728,15439,
5729,28012,90
5730,22090,
5731,29446,
5732,9897,369
5733,23319,210
5734,-699870095049774215,2090
5735,9635,
5736,6132,
5737,29074,
5738,24364,19
5739,12573,
5740,25008,2
5741,30675,200
5742,23787,250
5743,19756,
5744,18204,12
5745,17183,
5746,21819,
5747,25199,47
5748,24558,
5749,24440,
5750,24788,
5751,14747,
5752,15775,80
5753,17044,3
5754,14065,10
5755,10321,28
5756,21286,
5757,16533,
5758,20051,2
5759,24470,
5760,10695,
5761,25089,
5762,10925,21
5763,27240,
5764,3817,300
5765,17584,
5766,11467,
5767,7654,
5768,5908,17
5769,18593,
5770,27806,
5771,17221,6
5772,6,45
5773,3798,
5774,15777,4
5775,26305,
5776,10319,
5777,30002,60
5778,549,7
5779,1026475343769228633,768
5780,20205,
5781,27373,9
5782,29499,
5783,13579,
5784,17110,3
5785,7537,
5786,20656,1500
5787,16236,60
5788,22202,
5789,18690,21
5790,16575,
5791,1813,3
5792,3895,87647
5793,22751,3
5794,2599,
5795,10607,
5796,19920,
5797,8450,10
5798,15532,
5799,24722,15
5800,16436,
5801,18987,
5802,14850,
5803,888,35
5804,4782,8
5805,5009,
5806,21100,51
5807,11062,
5808,2390,120
5809,23723,296
5810,10186,18
5811,7691,78
5812,26559,
5813,21854,180
5814,2136,6000
5815,27979,
5816,16481,110
5817,15979,
5818,21384,
5819,27480,161
5820,7935,
5821,12083,
5822,4231,640
5823,29021,28
5824,26468,4
5825,6343,40
5826,1965,
5827,1536,2
5828,6730,
5829,20406,55
5830,3803,
5831,4738,
5832,10102,
5833,29766,240
5834,17263,1800
5835,8452,
5836,10859,192
5837,19606,
5838,10869,100
5839,29996,100
5840,456,6
5841,20882,
5842,17227,172
5843,4058259443248143641,1206
5844,25389,14
5845,24566,
5846,8991,15
5847,9993,24
5848,9708,
5849,12309,9
5850,11966,
5851,24507,
5852,20275,21
5853,1146,800
5854,8086,12
5855,18214,8
5856,8348,30
5857,22130,10
5858,22767,
5859,1920,
5860,19484,
5861,4195,2304
5862,12124,
5863,8096,
5864,916,
5865,27331,
5866,16712,26
5867,25839,8
5868,20582,8
5869,11240,
5870,849,1840
5871,26218,
5872,25006,
5873,14316,
5874,1878824718446895204,
5875,6684,153
5876,11184,
5877,20411,800
5878,2556,30
5879,16498,6
5880,8905,
5881,21405,10
5882,4965,83
5883,862,15
5884,27563,
5885,9251,6
5886,10496,9
5887,4884,
5888,12297,
5889,28181,12
5890,29047,
5891,14954,
5892,26136,
5893,26893,
5894,404,
5895,4240,8
5896,24750,
5897,4844,
5898,12425,
5899,22784,
5900,28067,
5901,8587,
5902,16567,5
5903,29194,
5904,21330,
5905,14075,
5906,9777,48
5907,13936,
5908,23119,5
5909,10290,
5910,29625,
5911,5774,
5912,-2637891287921705431,7
5913,12988,5
5914,29899,
5915,3308,14
5916,15100,
5917,8578,
5918,13453,40
5919,18232,
5920,3023,81749
5921,12036,
5922,20184,10
5923,3618,
5924,25358,8
5925,25845,
5926,2996,1650
5927,26682,10
5928,10664,14
5929,6177,
5930,23252,
5931,3311,4
5932,15764,50
5933,16487,70
5934,22028,
5935,20469,2
5936,20332,
5937,9228,
5938,24611,
5939,9400,
5940,13182,
5941,14912,7
5942,16651,
5943,22488,
5944,21245,45
5945,3300,4
5946,11850,48
5947,12482,
5948,20050,12
5949,29225,5
5950,27831,
5951,17297,
5952,-1750683376448017299,9
5953,6433,
5954,19655,
5955,25359,2
5956,10502,25
5957,4871,30
5958,14466,
5959,15656,28
5960,4631,40
5961,2155,6
5962,28354,57
5963,30207,
5964,2091,24
5965,21639,
5966,23728,
5967,5838,108
5968,7148,
5969,9741,32
5970,22943,
5971,24489,
5972,20609,60
5973,22719,
5974,14848,400
5975,24568,208
5976,20338,1
5977,5934,300
5978,23613,14
5979,20326,
5980,13230,600
5981,9740,5
5982,3894,
5983,28326,104
5984,23401,90
5985,10138,15
5986,27650,107
5987,8133,150
5988,-1225679976362947804,158
5989,1945,61290
5990,19217,
5991,24028,48
5992,8914,
5993,15074,
5994,18395,
5995,28436,
5996,24365,
5997,26579,10
5998,10905,8
5999,23500,6
6000,24161,4
6001,14360f84,
6002,27773,6
6003,20768,3
6004,22260,
6005,1839,32
6006,15058,
6007,11707,37
6008,3821,
6009,24354,4
6010,9122,
6011,27854,
6012,16738,
6013,1630,
6014,2772,1
6015,14280,
6016,7686,30
6017,28855,54
6018,29961,
6019,3624,293
6020,12356,
6021,14277,
6022,15188,600
6023,17415,14
6024,22804,
6025,13809,
6026,13416,2
6027,21569,52
6028,20993,
6029,12619,8
6030,6360,
6031,22370,178
6032,22921,100
6033,23292,400
6034,22618,
6035,27857,24
6036,3790,16
6037,10373,3
6038,17539,
6039,4559,5
6040,7083,
6041,11427,10
6042,5429,124
6043,5160,120
6044,23724,
6045,10766,7
6046,17526,10
6047,27050,
6048,2675,9
6049,2911,25
6050,23581,100
6051,28136,40
6052,19988,
6053,-5821954561699161077,32
6054,17290,
6055,14981,20
6056,615,
6057,19772,
6058,5221,
6059,13724,
6060,22631,4
6061,14770,30
6062,11825,45
6063,20644,
6064,728,132
6065,25782,12
6066,14941,
6067,2555,20
6068,22789,
6069,10362,18
6070,15895,
6071,28151,
6072,6228,
6073,22547,
6074,23901,
6075,18821,2
6076,11536,
6077,23271,400
6078,4435,13
6079,5258,6
6080,30091,6
6081,17875,
6082,13596,
6083,24590,1200
6084,20063,90
6085,30593,75
6086,13185,90
6087,26236,20
6088,30761,
6089,8477,
6090,4501,
6091,12863,
6092,7363,
6093,942,
6094,6265,95
6095,10354,5
6096,17011,
6097,12208,58
6098,18830,
6099,25500,33
6100,3912,30
6101,4941,
6102,27228,4
6103,9799,
6104,1490782748134667320,
6105,2695,25
6106,5848,88
6107,20573,500
6108,24528,
6109,9294,
6110,26524,
6111,21946,
6112,20400,36
6113,15767,110
6114,9672,
6115,5912,9
6116,17925,
6117,6724,48
6118,16141,
6119,3228,4
6120,7144,12
6121,30153,120
6122,20270,55
6123,14990,
6124,23207,
6125,29178,
6126,11898,180
6127,20355,12
6128,22327,
6129,19337,64
6130,13348,450
6131,18290,
6132,21004,
6133,26087,6
6134,2372,4
6135,7410,19
6136,28404,
6137,16478,
6138,5766,3
6139,27687,
6140,8353,10
6141,17153,180
6142,9687,480
6143,1770,
6144,7272759665462567998,28
6145,7839,
6146,13362,2
6147,4924,914
6148,28638,2
6149,8509514016923381303,125
6150,26043,2
6151,21531,
6152,24179,
6153,25949,
6154,23461,
6155,22990,28
6156,13368,28
6157,13914,11
6158,776,
6159,16590,4000
6160,27107,120
6161,10657,
6162,4892,
6163,720,10
6164,7130,
6165,27913,80
6166,21494,
6167,4492432537932503541,15
6168,5593,11
6169,4515,32
6170,17684,32
6171,11514,
6172,19636,8
6173,1369,870
6174,14935,
6175,19283,4
6176,22173,
6177,10729,
6178,21740,
6179,11964,
6180,3262,
6181,13121,438
6182,3996,
6183,15137,
6184,3672,3
6185,12916,
6186,14910,
6187,1288,20
6188,22100,
6189,9539,192
6190,12330,154
6191,12393,165
6192,11224,7
6193,26351,
6194,16169,
6195,8090,10
6196,4671,
6197,14685,
6198,20796,150
6199,14945,
6200,8284,9
6201,25222,15
6202,6063,5400
6203,18620,2
6204,25280,2
6205,7997,
6206,29740,
6207,7834,7
6208,28430,
6209,12993,
6210,9691,300
6211,3629,30
6212,30690,
6213,1873,44
6214,12837,
6215,8627,
6216,492,71
6217,73,30
6218,14628,
6219,944,
6220,-8150965916867044851,2
6221,28673,
6222,28328,
6223,21708,
6224,29380,32
6225,-3804180882914877163,2
6226,12723,
6227,30762,
6228,24386,275
6229,28426,12
6230,6470321914680392369,160
6231,12767,2000
6232,26574,
6233,13436,4
6234,17363,
6235,14288,
6236,14886,
6237,11616,
6238,10320,10
6239,12701,
6240,21771,
6241,27529,605
6242,16759,90
6243,3246,11
6244,7504,10
6245,24214,
6246,418,31
6247,20021,4
6248,8615,
6249,15650,20
6250,3966,10
6251,12506,180
6252,9306,
6253,11621,42
6254,23434,18
6255,24579,
6256,17787,
6257,27988,13
6258,13360,
6259,8692,10
6260,10759,
6261,13729,
6262,5470,9
6263,29821,8
6264,6755,
6265,13229,600
6266,10089,
6267,22583,
6268,24952,
6269,10676,260
6270,28088,1
6271,29144,
6272,12495,40
6273,5862,
6274,3354,
6275,7170,15
6276,10811,
6277,3878,
6278,14388,
6279,30080,20
6280,1140,
6281,17689,
6282,16329,
6283,29127,20
6284,24714,2
6285,23444,155
6286,24428,11
6287,19104,17
6288,241,
6289,27493,
